time_value,Alberta,British Columbia,Manitoba,New Brunswick,Newfoundland and Labrador,Northwest Territories,Nova Scotia,Nunavut,Ontario,Prince Edward Island,Quebec,Saskatchewan,Yukon
2020-04-01,64,0,24,11,23,1,26,0,457,0,697,9,0
2020-04-02,215,108,40,10,8,0,20,0,428,1,875,13,1
2020-04-03,0,53,15,0,0,2,14,0,464,0,770,14,0
2020-04-04,106,29,0,0,12,0,29,0,343,0,806,11,0
2020-04-05,106,0,21,7,22,0,26,0,355,0,634,18,0
2020-04-06,69,63,0,5,9,1,31,0,444,0,875,4,0
2020-04-07,123,0,14,2,2,0,17,0,434,0,788,7,1
2020-04-08,0,25,0,0,4,0,32,0,475,3,686,11,0
2020-04-09,50,45,4,3,4,0,31,0,488,0,748,7,0
2020-04-10,28,34,9,4,3,0,34,0,389,0,635,7,1
2020-04-11,116,75,13,0,2,0,21,0,480,0,665,4,0
2020-04-12,0,0,0,2,1,0,17,0,524,0,790,9,0
2020-04-13,165,45,4,2,2,0,29,0,584,0,964,2,0
2020-04-14,138,0,0,0,0,0,43,0,545,0,962,1,0
2020-04-15,0,27,0,1,3,0,32,0,582,1,1098,3,0
2020-04-16,126,44,4,0,5,0,30,0,592,0,964,1,0
2020-04-17,401,14,0,0,4,0,27,0,656,0,1022,2,0
2020-04-18,165,43,3,0,0,0,43,0,602,0,663,6,1
2020-04-19,241,29,1,1,0,0,26,0,580,0,820,2,0
2020-04-20,105,0,0,0,0,0,46,0,649,0,909,1,2
2020-04-21,187,77,1,0,0,0,16,0,499,0,806,4,0
2020-04-22,306,71,2,0,0,0,35,0,541,0,885,6,0
2020-04-23,319,29,5,0,0,0,55,0,490,0,906,5,0
2020-04-24,297,29,1,0,0,0,23,0,425,0,855,10,0
2020-04-25,216,95,4,0,1,0,15,0,481,0,762,8,0
2020-04-26,247,0,4,0,1,0,8,0,335,0,612,4,0
2020-04-27,216,50,2,0,0,0,27,0,439,0,910,12,0
2020-04-28,154,55,0,0,0,0,15,0,377,1,920,1,0
2020-04-29,315,34,2,0,0,0,20,0,403,0,898,17,0
2020-04-30,190,25,2,0,0,0,12,0,401,0,1003,6,0
2020-05-01,218,33,4,0,1,0,12,0,463,0,1053,26,0
2020-05-02,97,26,1,0,0,0,4,0,323,0,899,6,0
2020-05-03,96,0,0,0,0,0,8,0,352,0,791,12,0
2020-05-04,70,53,1,0,0,0,14,0,339,0,865,34,0
2020-05-05,57,8,1,1,0,0,6,0,409,0,893,20,0
2020-05-06,70,23,2,1,0,0,7,0,355,0,1033,25,0
2020-05-07,54,33,0,0,1,0,9,0,307,0,851,19,0
2020-05-08,81,27,1,0,0,0,1,0,299,0,778,13,0
2020-05-09,59,15,0,0,0,0,3,0,308,0,752,9,0
2020-05-10,96,0,3,0,0,0,7,0,268,0,653,11,0
2020-05-11,47,23,2,0,0,0,1,0,222,0,725,4,0
2020-05-12,45,7,1,0,0,0,1,0,261,0,797,5,0
2020-05-13,62,16,0,0,0,0,4,0,361,0,780,4,0
2020-05-14,50,16,0,0,0,0,2,0,338,0,700,5,0
2020-05-15,58,15,0,0,0,0,8,0,400,0,782,8,0
2020-05-16,72,21,0,0,0,0,3,0,362,0,696,1,0
2020-05-17,57,0,0,0,0,0,3,0,416,0,731,1,0
2020-05-18,39,16,1,0,0,0,3,0,357,0,670,0,0
2020-05-19,33,2,0,0,0,0,1,0,321,0,638,7,0
2020-05-20,19,21,0,0,0,0,1,0,393,0,801,21,0
2020-05-21,33,12,0,1,0,0,1,0,351,0,715,2,0
2020-05-22,32,28,2,0,0,0,2,0,416,0,605,5,0
2020-05-23,18,10,0,0,0,0,1,0,373,0,502,3,0
2020-05-24,42,0,0,0,0,0,1,0,364,0,544,2,0
2020-05-25,19,13,0,0,0,0,1,0,421,0,508,2,0
2020-05-26,22,11,0,1,0,0,1,0,284,0,448,0,0
2020-05-27,25,9,0,1,0,0,1,0,326,0,520,3,0
2020-05-28,29,8,2,3,1,0,2,0,325,0,415,2,0
2020-05-29,24,4,0,2,0,0,0,0,614,0,423,2,0
2020-05-30,13,11,0,1,0,0,1,0,334,0,398,4,0
2020-05-31,18,0,1,3,0,0,0,0,414,0,293,1,0
2020-06-01,34,24,0,0,0,0,1,0,409,0,328,0,0
2020-06-02,13,4,2,1,0,0,0,0,380,0,228,0,0
2020-06-03,19,22,1,2,0,0,1,0,359,0,277,1,0
2020-06-04,15,9,0,1,0,0,0,0,300,0,256,1,0
2020-06-05,7,0,2,0,0,0,0,0,274,0,243,1,0
2020-06-06,40,0,0,0,0,0,0,0,237,0,246,1,0
2020-06-07,0,0,0,1,0,0,1,0,221,0,189,0,0
2020-06-08,64,27,0,9,0,0,0,0,229,0,118,4,0
2020-06-09,27,10,0,1,0,0,1,0,228,0,165,2,0
2020-06-10,47,11,0,4,0,0,1,0,253,0,172,2,0
2020-06-11,40,14,0,2,0,0,0,0,200,0,154,2,0
2020-06-12,30,15,1,1,0,0,0,0,236,0,175,3,0
2020-06-13,37,0,2,3,0,0,0,0,177,0,121,1,0
2020-06-14,50,0,1,0,0,0,0,0,156,0,94,1,0
2020-06-15,20,36,0,3,0,0,0,0,188,0,112,18,0
2020-06-16,29,11,0,3,0,0,0,0,181,0,134,1,0
2020-06-17,48,19,2,1,0,0,0,0,188,0,121,9,0
2020-06-18,49,8,2,0,0,0,0,0,197,0,135,15,0
2020-06-19,46,7,3,0,0,0,0,0,191,0,133,8,0
2020-06-20,48,0,2,0,0,0,0,0,160,0,95,10,0
2020-06-21,31,0,0,0,0,0,0,0,176,0,81,20,0
2020-06-22,32,32,1,0,0,0,0,0,200,0,85,5,0
2020-06-23,45,13,0,1,0,0,0,0,163,0,94,2,0
2020-06-24,44,14,1,0,0,0,0,0,168,0,89,4,0
2020-06-25,26,20,1,0,0,0,0,0,155,0,90,2,0
2020-06-26,37,9,2,0,0,0,0,0,181,0,85,13,0
2020-06-27,69,0,4,0,0,0,0,0,236,0,88,5,0
2020-06-28,39,0,0,0,0,0,0,0,215,0,58,1,0
2020-06-29,71,26,2,0,0,0,0,0,138,0,58,1,0
2020-06-30,41,12,1,0,0,0,1,0,175,0,98,6,0
2020-07-01,0,0,0,0,0,0,0,0,149,0,73,0,0
2020-07-02,94,24,0,0,0,0,2,0,149,0,70,10,0
2020-07-03,57,7,0,0,0,0,0,0,163,0,90,1,0
2020-07-04,0,0,0,0,0,0,0,0,133,3,92,0,0
2020-07-05,0,0,0,0,0,0,0,0,98,2,57,0,0
2020-07-06,130,31,0,0,0,0,1,0,113,0,68,9,0
2020-07-07,47,12,0,0,0,0,0,0,146,0,107,1,0
2020-07-08,46,18,0,0,0,0,1,0,154,0,100,2,0
2020-07-09,37,20,0,1,0,0,0,0,140,1,130,5,0
2020-07-10,77,25,0,0,1,0,0,0,131,0,112,2,0
2020-07-11,0,0,0,0,0,0,0,0,139,0,101,0,0
2020-07-12,0,0,0,0,0,0,0,0,138,1,75,0,0
2020-07-13,230,0,0,0,0,0,0,0,118,1,137,56,0
2020-07-14,86,75,5,1,0,0,0,0,123,1,130,5,0
2020-07-15,82,21,0,1,0,0,1,0,149,0,147,5,0
2020-07-16,120,21,1,0,0,0,0,0,160,0,138,42,0
2020-07-17,105,28,5,0,0,0,0,0,180,0,196,13,2
2020-07-18,0,0,1,0,0,0,0,0,190,0,188,5,0
2020-07-19,0,0,6,1,0,0,0,0,116,0,128,2,0
2020-07-20,368,102,11,1,0,0,0,0,163,0,131,19,0
2020-07-21,141,28,12,0,1,0,0,0,120,0,150,8,0
2020-07-22,0,0,8,0,1,0,0,0,139,0,174,60,0
2020-07-23,247,64,1,0,0,0,0,0,190,0,192,42,0
2020-07-24,111,0,9,0,1,0,0,0,128,0,160,27,1
2020-07-25,0,27,4,0,0,0,0,0,106,0,162,37,0
2020-07-26,0,0,6,0,1,0,0,0,111,0,147,42,0
2020-07-27,304,81,6,0,0,0,0,0,120,0,89,31,0
2020-07-28,80,23,5,0,0,0,0,0,130,0,130,9,0
2020-07-29,133,39,2,0,0,0,0,0,100,0,177,50,0
2020-07-30,113,29,2,0,0,0,0,0,111,0,153,38,0
2020-07-31,127,50,6,0,0,0,2,0,120,0,134,13,0
2020-08-01,0,0,2,0,0,0,0,0,107,0,130,15,0
2020-08-02,0,0,18,0,0,0,2,0,64,0,92,8,0
2020-08-03,0,0,7,0,0,0,0,0,99,0,144,17,0
2020-08-04,303,146,1,0,0,0,0,0,80,0,150,9,0
2020-08-05,94,47,1,4,0,0,0,0,79,0,125,8,0
2020-08-06,56,47,30,2,0,0,0,0,95,0,92,11,0
2020-08-07,134,53,17,0,1,0,0,0,86,0,128,22,1
2020-08-08,0,0,16,0,0,0,0,0,85,0,114,24,0
2020-08-09,0,0,35,0,0,0,0,0,79,0,97,12,0
2020-08-10,257,131,16,0,1,0,0,0,73,0,100,5,0
2020-08-11,85,46,4,1,0,0,0,0,97,0,100,29,0
2020-08-12,121,0,16,1,0,0,0,0,95,5,90,5,0
2020-08-13,76,163,25,2,0,0,0,0,103,0,98,27,0
2020-08-14,84,84,40,0,0,0,1,0,98,0,75,30,0
2020-08-15,0,0,20,4,0,0,2,0,93,0,66,25,0
2020-08-16,0,0,34,2,0,0,0,0,81,0,44,14,0
2020-08-17,0,0,34,0,0,0,1,0,118,0,50,1,0
2020-08-18,366,319,17,0,0,0,0,0,116,3,81,1,0
2020-08-19,82,68,15,0,0,0,1,0,112,0,73,4,0
2020-08-20,0,0,33,0,0,0,1,0,103,0,105,4,0
2020-08-21,247,170,34,2,0,0,0,0,141,0,106,5,0
2020-08-22,0,0,42,0,0,0,1,0,86,0,72,2,0
2020-08-23,0,0,72,1,0,0,2,0,109,0,76,3,0
2020-08-24,258,269,49,0,0,0,0,0,120,0,44,1,0
2020-08-25,77,58,25,1,0,0,0,0,112,0,98,0,0
2020-08-26,127,62,25,0,0,0,1,0,140,0,126,3,0
2020-08-27,108,68,21,0,0,0,0,0,151,0,122,5,0
2020-08-28,158,124,32,1,1,0,2,0,133,0,109,2,0
2020-08-29,0,0,59,0,0,0,0,0,124,0,140,4,0
2020-08-30,0,0,31,0,0,0,0,0,129,0,118,0,0
2020-08-31,426,294,28,0,0,0,2,0,149,0,130,4,0
2020-09-01,164,58,18,0,0,0,0,0,140,0,154,3,0
2020-09-02,114,104,12,1,0,0,0,0,150,0,184,2,0
2020-09-03,130,89,20,0,0,0,0,0,174,2,227,10,0
2020-09-04,164,121,9,0,0,0,0,0,155,0,185,4,0
2020-09-05,0,0,21,0,1,0,0,0,157,1,195,5,0
2020-09-06,0,0,29,0,0,0,0,0,200,0,194,8,0
2020-09-07,0,0,15,0,0,0,1,0,195,4,191,11,0
2020-09-08,619,429,11,0,0,0,0,0,218,2,192,7,0
2020-09-09,0,0,16,0,0,0,0,0,235,2,252,1,0
2020-09-10,211,239,13,1,0,0,0,0,252,0,260,6,0
2020-09-11,111,132,15,0,0,0,0,0,239,0,306,12,0
2020-09-12,0,0,17,0,1,0,0,0,305,0,295,21,0
2020-09-13,0,0,18,0,0,0,0,0,225,0,316,17,0
2020-09-14,418,317,21,1,0,0,0,0,290,0,277,5,0
2020-09-15,124,97,17,0,0,0,0,0,359,2,321,10,0
2020-09-16,171,122,23,0,0,0,0,0,375,0,303,10,0
2020-09-17,146,165,11,0,0,0,0,0,436,0,351,6,0
2020-09-18,107,179,40,0,1,0,0,0,448,0,487,19,0
2020-09-19,0,0,18,0,0,0,0,0,440,0,497,11,0
2020-09-20,0,0,28,0,0,0,0,0,383,0,503,20,0
2020-09-21,358,366,22,2,0,0,0,0,447,0,478,7,0
2020-09-22,150,96,24,0,0,0,1,0,410,0,522,10,0
2020-09-23,143,91,42,1,0,0,0,0,453,1,688,6,0
2020-09-24,158,0,37,2,0,0,0,0,502,0,726,5,0
2020-09-25,153,246,53,1,0,0,0,0,587,0,743,11,0
2020-09-26,0,0,65,0,0,0,0,0,638,0,913,17,0
2020-09-27,0,0,51,0,1,0,0,0,541,0,850,15,0
2020-09-28,406,267,39,0,0,0,0,0,568,0,909,14,0
2020-09-29,160,105,34,0,0,0,0,0,667,1,958,7,0
2020-09-30,153,125,40,0,1,0,1,0,670,0,1017,14,0
2020-10-01,173,82,36,0,1,0,0,0,621,0,957,14,0
2020-10-02,122,161,43,0,0,0,1,0,658,0,1169,13,0
2020-10-03,0,0,36,1,1,0,0,0,554,0,1155,14,0
2020-10-04,0,0,32,0,1,0,0,0,572,2,1049,5,0
2020-10-05,578,358,51,2,0,0,0,0,576,0,845,9,0
2020-10-06,276,102,55,2,0,0,0,0,707,0,1001,16,0
2020-10-07,143,115,32,17,0,0,0,0,815,0,976,10,0
2020-10-08,364,110,66,3,0,0,0,0,744,0,1097,18,0
2020-10-09,277,119,84,13,2,0,0,0,798,0,1140,22,0
2020-10-10,0,0,96,20,3,0,3,0,688,0,910,34,0
2020-10-11,0,0,54,14,0,0,0,0,723,2,1080,24,0
2020-10-12,0,0,77,6,1,0,0,0,597,0,796,48,0
2020-10-13,961,549,124,6,0,0,0,0,847,0,949,34,0
2020-10-14,243,158,146,8,0,0,0,0,862,0,1097,25,0
2020-10-15,244,142,173,0,1,0,0,0,751,2,1147,33,0
2020-10-16,332,155,75,5,3,0,1,0,699,0,1134,38,0
2020-10-17,0,0,0,0,0,0,2,0,690,0,1055,36,0
2020-10-18,0,0,129,13,0,0,2,0,791,0,974,24,0
2020-10-19,898,498,80,3,0,0,0,0,748,0,846,66,2
2020-10-20,323,167,109,0,0,0,0,0,796,1,1038,43,0
2020-10-21,406,203,135,6,0,3,0,0,868,0,981,57,0
2020-10-22,427,0,147,3,1,0,0,0,976,0,932,62,0
2020-10-23,432,497,162,2,0,1,0,0,942,0,1036,33,0
2020-10-24,0,0,153,2,1,0,3,0,936,0,838,78,3
2020-10-25,0,0,161,2,1,0,0,0,881,0,825,60,0
2020-10-26,1472,817,100,3,1,0,1,0,791,0,989,54,2
2020-10-27,422,217,183,3,0,0,1,0,895,0,970,58,0
2020-10-28,410,287,169,3,0,0,0,0,949,0,991,67,0
2020-10-29,477,234,193,4,0,1,0,0,900,0,1064,82,1
2020-10-30,622,272,480,1,0,0,2,0,1021,0,953,76,0
2020-10-31,0,0,349,1,0,0,5,0,906,0,983,78,0
2020-11-01,0,0,311,1,0,0,2,0,1105,0,1024,74,0
2020-11-02,0,1120,241,0,0,0,2,0,971,0,896,74,0
2020-11-03,2268,299,102,0,0,0,1,0,906,0,1064,81,0
2020-11-04,0,335,374,3,1,0,4,0,943,0,1164,35,0
2020-11-05,515,425,426,2,2,0,1,0,1270,0,1271,128,0
2020-11-06,1411,589,242,1,0,0,2,1,1278,2,1196,87,0
2020-11-07,919,567,270,3,2,0,4,0,1112,0,1238,115,0
2020-11-08,727,0,441,1,1,0,3,1,1316,0,1303,159,0
2020-11-09,656,998,365,1,0,0,1,0,1473,0,1207,190,0
2020-11-10,713,525,383,0,0,0,3,0,1584,1,1305,127,0
2020-11-11,672,0,430,0,1,1,2,1,1510,1,1390,112,0
2020-11-12,860,1130,474,1,0,0,0,0,1582,0,1332,111,1
2020-11-13,907,617,434,2,1,4,2,1,1445,0,1375,76,0
2020-11-14,1026,0,237,6,2,0,6,4,1458,0,1239,307,0
2020-11-15,991,0,494,3,2,0,2,10,1309,0,1113,181,0
2020-11-16,860,1959,392,8,0,0,2,6,1385,0,1025,181,0
2020-11-17,773,717,269,4,2,0,5,34,1253,0,1126,240,0
2020-11-18,730,760,399,9,2,0,3,10,1465,0,1204,131,1
2020-11-19,1105,538,475,4,1,0,1,4,1479,0,1308,98,2
2020-11-20,1155,514,437,9,3,0,5,10,1638,0,1147,153,2
2020-11-21,1336,0,385,23,5,0,8,25,1498,0,1116,433,0
2020-11-22,1584,0,240,6,3,0,11,21,1323,0,1207,236,3
2020-11-23,1549,1933,543,15,2,0,11,6,1394,1,1077,235,6
2020-11-24,1115,941,471,5,2,0,37,10,1430,0,1231,175,0
2020-11-25,1265,738,349,3,1,0,16,11,1714,0,1383,164,1
2020-11-26,1077,887,381,12,3,0,14,0,1834,1,1335,315,3
2020-11-27,1227,911,344,12,4,0,9,4,1753,0,1273,329,3
2020-11-28,1731,0,486,4,2,0,14,5,1712,2,1431,197,0
2020-11-29,1608,0,365,14,4,0,10,13,1706,0,1382,351,0
2020-11-30,1733,2354,342,6,1,0,15,4,1626,0,1266,325,2
2020-12-01,1307,656,282,7,1,0,10,1,1838,0,1517,181,0
2020-12-02,1685,834,277,6,1,0,17,11,1752,0,1545,237,3
2020-12-03,1854,694,367,6,0,0,11,5,1827,0,1503,261,1
2020-12-04,1828,710,318,8,3,0,15,8,1880,1,1766,283,3
2020-12-05,1879,0,354,2,4,0,6,8,2084,0,1643,203,0
2020-12-06,1836,0,383,4,4,0,4,2,1746,7,1536,409,0
2020-12-07,1735,2020,325,2,0,0,8,3,1816,4,1626,273,3
2020-12-08,1727,566,245,5,1,0,7,1,1864,0,1659,185,1
2020-12-09,1460,619,279,1,1,0,6,9,1941,0,1746,302,0
2020-12-10,1566,723,292,4,1,0,4,0,1890,0,1760,324,0
2020-12-11,1738,737,445,8,1,5,9,16,1897,0,1911,251,0
2020-12-12,1590,0,358,1,3,1,7,2,1947,0,1992,274,0
2020-12-13,1717,0,273,2,0,0,6,0,2010,0,1762,222,0
2020-12-14,1887,2146,241,1,1,0,5,9,2094,5,1888,267,1
2020-12-15,1341,520,271,1,0,1,6,2,2227,0,1788,194,0
2020-12-16,1270,640,291,8,5,0,4,0,2320,0,2118,162,0
2020-12-17,1571,673,221,6,3,1,6,1,2348,1,2316,238,0
2020-12-18,1413,624,350,0,5,1,6,0,2432,0,2118,245,0
2020-12-19,1352,0,233,5,8,0,1,0,2266,0,2056,252,0
2020-12-20,1286,0,229,0,2,0,2,0,2363,0,1965,226,0
2020-12-21,1240,1667,166,4,0,0,2,3,2233,0,2107,206,0
2020-12-22,1021,443,155,2,1,0,7,0,2558,1,2154,182,0
2020-12-23,1301,517,201,5,1,0,4,2,2276,0,2223,159,0
2020-12-24,1007,582,243,2,0,0,7,1,1956,3,2397,154,1
2020-12-25,1191,0,0,1,0,0,0,0,2205,0,2298,229,0
2020-12-26,914,0,0,2,0,0,0,0,2242,0,2087,132,0
2020-12-27,459,0,521,2,3,0,0,0,2203,0,2158,198,0
2020-12-28,917,0,107,1,2,0,13,1,2828,0,2307,94,0
2020-12-29,872,2206,133,2,1,0,2,0,3216,0,2859,114,0
2020-12-30,1287,485,128,1,0,0,3,0,2870,0,2802,138,0
2020-12-31,0,690,187,3,0,0,3,0,3390,0,2532,190,0
2021-01-01,0,0,0,2,0,0,11,0,3306,0,2729,285,0
2021-01-02,0,0,326,10,0,0,2,0,2859,0,2407,210,0
2021-01-03,3800,0,100,7,0,0,2,0,3315,0,2165,236,0
2021-01-04,1307,2211,118,17,1,0,4,0,3210,2,2555,287,5
2021-01-05,843,428,130,27,1,0,3,0,3356,1,2586,153,0
2021-01-06,1123,625,167,31,0,0,12,0,3801,0,2867,284,1
2021-01-07,968,761,201,24,0,0,3,0,4098,5,2833,335,3
2021-01-08,1183,617,221,18,0,0,2,0,3766,0,2746,336,1
2021-01-09,989,0,203,30,0,0,3,0,3325,0,2008,332,0
2021-01-10,811,0,150,14,1,0,0,0,3088,0,2033,307,0
2021-01-11,639,1475,134,21,0,0,5,0,2941,0,1793,412,0
2021-01-12,652,446,90,17,0,0,1,0,3164,1,2184,248,0
2021-01-13,875,519,155,19,0,0,8,0,3254,0,2014,247,0
2021-01-14,967,536,259,23,1,0,6,0,2968,0,1947,312,0
2021-01-15,785,509,191,25,1,1,2,0,3171,0,1882,382,0
2021-01-16,717,0,177,27,0,0,4,0,2680,0,1926,270,0
2021-01-17,750,0,189,36,1,3,3,0,2102,0,1513,287,0
2021-01-18,474,1330,118,26,0,0,0,0,2464,5,1338,290,0
2021-01-19,456,465,111,31,0,2,4,0,2419,2,1517,309,0
2021-01-20,669,500,153,21,0,0,3,0,2674,0,1573,241,0
2021-01-21,678,564,196,32,1,1,1,0,2348,0,1796,226,0
2021-01-22,643,508,171,30,1,0,5,1,2470,0,1534,305,0
2021-01-23,573,0,216,17,0,0,0,0,1892,0,1330,274,0
2021-01-24,463,0,221,20,0,0,1,13,1797,0,1165,260,0
2021-01-25,742,1344,113,27,0,0,0,2,1667,0,1218,239,0
2021-01-26,366,406,92,10,0,0,1,0,1908,0,1351,230,0
2021-01-27,459,485,94,14,2,0,4,0,1972,0,1273,148,0
2021-01-28,461,546,132,27,4,0,0,1,1942,0,1287,244,0
2021-01-29,543,514,152,16,4,0,1,0,1848,1,1281,328,0
2021-01-30,383,0,166,12,0,0,3,1,1645,0,1233,260,0
2021-01-31,461,0,118,26,0,0,0,10,1472,0,878,238,0
2021-02-01,355,1158,87,8,0,0,1,0,1279,0,976,147,0
2021-02-02,268,429,82,24,0,1,1,0,1433,0,1167,225,0
2021-02-03,259,414,125,14,2,0,1,0,1509,1,1082,194,0
2021-02-04,582,465,110,16,1,0,1,2,1422,0,1080,250,0
2021-02-05,396,471,110,7,1,0,0,0,1494,0,1219,266,0
2021-02-06,348,0,80,12,3,0,0,3,1216,0,1046,263,0
2021-02-07,351,0,79,7,1,0,1,0,1108,0,837,194,0
2021-02-08,269,1236,52,2,11,0,1,0,987,0,777,171,0
2021-02-09,195,435,71,15,30,1,1,0,1149,2,969,80,0
2021-02-10,339,469,57,14,53,1,1,1,1323,0,1162,189,0
2021-02-11,351,449,90,2,100,4,2,3,1246,0,1015,114,0
2021-02-12,314,445,81,5,50,0,0,0,1205,0,1021,188,1
2021-02-13,305,0,99,16,26,0,2,5,991,0,833,244,0
2021-02-14,284,0,79,2,11,0,1,3,946,0,723,161,0
2021-02-15,251,0,0,1,7,0,1,0,893,0,671,143,1
2021-02-16,263,1533,166,3,7,0,3,12,1008,0,847,136,0
2021-02-17,277,427,75,3,44,4,3,1,1121,0,782,124,0
2021-02-18,415,617,138,4,48,0,2,6,1214,0,860,146,0
2021-02-19,325,508,90,6,60,0,2,2,1228,0,778,146,0
2021-02-20,380,0,94,3,38,0,4,6,1137,0,718,193,0
2021-02-21,328,0,57,4,25,0,1,1,994,0,816,182,0
2021-02-22,273,1428,97,0,13,0,1,12,937,0,636,177,0
2021-02-23,267,559,68,0,15,0,3,0,1153,1,831,126,0
2021-02-24,430,456,39,2,8,0,3,0,1209,0,855,57,0
2021-02-25,399,395,67,1,10,0,8,4,1246,0,812,211,0
2021-02-26,356,521,64,1,4,0,10,1,1130,5,870,153,0
2021-02-27,415,0,88,2,4,0,4,0,1119,0,708,162,0
2021-02-28,301,0,50,0,7,0,3,1,1047,12,575,141,0
2021-03-01,291,1478,35,1,2,0,1,1,964,0,585,154,0
2021-03-02,257,695,56,4,5,0,1,1,1131,4,763,137,0
2021-03-03,402,542,50,3,3,0,3,0,1143,0,685,121,0
2021-03-04,331,564,51,5,5,0,3,10,1250,0,859,161,0
2021-03-05,411,634,53,4,1,0,2,4,1292,0,704,210,0
2021-03-06,341,0,66,6,2,0,6,4,1323,0,743,163,0
2021-03-07,300,0,55,2,1,0,2,4,1278,0,611,116,0
2021-03-08,282,1462,63,5,3,0,0,0,1237,5,613,96,0
2021-03-09,255,550,62,0,1,0,5,0,1247,2,796,113,0
2021-03-10,399,531,71,0,0,0,1,0,1380,0,718,110,0
2021-03-11,364,569,88,2,1,0,0,0,1493,0,756,165,0
2021-03-12,425,648,98,3,1,0,0,0,1608,0,812,176,0
2021-03-13,474,0,92,0,0,0,4,2,1431,0,660,153,0
2021-03-14,388,0,44,5,0,0,1,0,1263,0,607,95,0
2021-03-15,364,1506,50,1,0,0,0,0,1281,0,573,110,0
2021-03-16,355,556,110,5,1,0,2,0,1572,0,721,156,0
2021-03-17,479,498,93,1,0,0,2,0,1740,1,729,87,0
2021-03-18,505,622,89,7,1,0,3,12,1811,0,762,115,0
2021-03-19,696,737,91,2,0,0,3,0,1838,0,806,174,0
2021-03-20,556,0,87,3,0,0,2,0,1790,0,681,200,0
2021-03-21,555,0,90,1,0,0,6,0,1612,0,665,178,0
2021-03-22,456,1785,65,8,0,0,2,0,1859,0,708,204,0
2021-03-23,465,682,93,7,0,0,1,0,1873,8,765,150,0
2021-03-24,692,716,80,12,1,0,5,0,2274,0,1030,187,0
2021-03-25,764,800,105,29,0,0,3,0,2290,0,1007,168,1
2021-03-26,717,908,114,13,0,0,5,0,2632,0,1009,213,0
2021-03-27,668,0,57,12,0,0,5,0,2221,4,931,224,0
2021-03-28,644,0,55,6,1,0,2,0,2248,0,824,248,0
2021-03-29,545,2518,53,11,0,0,0,0,2336,0,942,204,0
2021-03-30,576,840,77,13,2,0,3,0,2559,3,997,164,0
2021-03-31,871,1013,70,12,1,0,2,0,2932,0,1425,191,1
2021-04-01,875,832,52,10,1,0,3,0,3096,0,1286,199,0
2021-04-02,0,0,0,9,0,0,9,0,3059,0,1288,254,0
2021-04-03,1100,0,178,9,0,0,4,0,3101,0,1290,280,0
2021-04-04,0,0,0,11,0,0,7,0,3006,0,1136,221,0
2021-04-05,2887,0,135,10,0,1,2,0,3043,0,1219,219,0
2021-04-06,931,5108,62,3,0,0,6,0,3540,1,1309,219,0
2021-04-07,1351,997,107,14,1,0,2,0,3853,0,1642,189,0
2021-04-08,1429,1293,137,7,1,0,5,0,4064,0,1720,219,0
2021-04-09,1521,1262,176,8,3,0,2,0,3997,0,1867,357,0
2021-04-10,1293,0,135,19,4,0,7,0,4638,0,1632,237,0
2021-04-11,1183,0,109,9,0,0,5,0,4064,0,1495,320,0
2021-04-12,1136,3289,114,10,1,0,7,0,4092,0,1422,300,0
2021-04-13,1081,873,132,4,1,0,6,0,4272,5,1533,288,1
2021-04-14,1412,1168,80,16,3,0,2,0,4966,0,1517,199,1
2021-04-15,1646,1205,149,8,2,0,3,1,4757,0,1682,303,0
2021-04-16,1616,1005,127,7,3,0,6,12,3806,0,1456,230,0
2021-04-17,1486,0,177,11,3,0,8,6,4598,0,1292,247,0
2021-04-18,1516,0,167,10,1,0,7,3,4175,0,1025,287,0
2021-04-19,1391,2960,108,9,3,0,15,6,3671,8,1188,244,1
2021-04-20,1345,849,203,0,2,0,9,5,4015,1,1224,250,0
2021-04-21,1699,862,162,7,1,2,25,1,4025,0,1200,231,1
2021-04-22,1857,1006,258,19,3,1,38,3,4488,0,1094,264,2
2021-04-23,1690,1001,179,16,1,2,44,9,4115,1,918,250,0
2021-04-24,1592,0,270,8,3,0,52,7,3767,0,1199,286,0
2021-04-25,1437,0,259,4,2,0,63,7,3689,0,891,249,0
2021-04-26,1495,2491,210,7,4,3,66,9,3146,0,969,245,1
2021-04-27,1539,799,217,24,0,0,96,8,3511,2,1083,224,0
2021-04-28,1839,841,186,8,4,0,75,6,4027,0,1070,213,0
2021-04-29,2048,853,228,10,2,0,70,12,3810,0,1115,210,0
2021-04-30,2007,740,290,15,8,0,67,11,3381,0,1173,274,0
2021-05-01,2433,0,266,18,5,0,148,8,3706,0,920,262,0
2021-05-02,1731,0,279,6,18,1,133,11,2945,0,777,238,0
2021-05-03,2012,2174,250,15,5,7,146,8,2628,0,850,219,1
2021-05-04,1743,697,290,4,4,12,153,7,2891,6,905,189,0
2021-05-05,2271,572,271,11,6,14,175,5,3286,0,894,214,0
2021-05-06,2211,694,357,11,6,13,182,12,3377,0,1040,180,0
2021-05-07,1980,722,498,8,7,1,227,1,3000,0,1007,295,0
2021-05-08,2042,0,485,8,6,0,163,7,2685,0,814,269,0
2021-05-09,1633,0,528,6,5,0,163,5,2307,0,711,177,0
2021-05-10,1597,1767,498,11,3,3,117,7,2113,0,671,154,0
2021-05-11,1449,515,328,2,15,10,118,14,2596,4,834,195,2
2021-05-12,1799,600,364,9,10,2,145,8,2606,0,858,213,0
2021-05-13,1558,587,557,16,7,1,110,12,2387,0,888,229,0
2021-05-14,1433,494,489,5,6,6,117,12,2424,0,790,236,0
2021-05-15,1195,0,428,7,5,0,86,5,2212,0,659,196,0
2021-05-16,1140,0,532,11,9,0,126,1,1724,0,559,167,0
2021-05-17,721,1360,430,10,10,0,91,0,1612,0,577,181,0
2021-05-18,877,411,334,10,6,4,90,6,1923,7,584,129,0
2021-05-19,908,521,401,8,3,1,83,4,2115,5,800,141,0
2021-05-20,812,357,602,7,4,0,65,2,1807,0,676,146,0
2021-05-21,732,420,588,15,10,1,84,1,1883,0,555,182,0
2021-05-22,621,0,473,2,4,0,64,1,1592,0,495,180,0
2021-05-23,563,0,459,14,23,0,73,0,1235,0,349,115,0
2021-05-24,452,0,351,15,5,0,49,1,1013,0,383,104,0
2021-05-25,387,1263,259,9,11,0,52,1,1004,1,399,111,0
2021-05-26,390,250,310,10,4,0,37,7,1201,0,461,181,0
2021-05-27,513,378,295,9,6,0,33,0,1217,0,413,162,0
2021-05-28,512,317,493,9,14,0,40,1,1036,0,400,122,0
2021-05-29,406,0,355,10,9,0,33,0,1053,0,303,179,0
2021-05-30,391,0,291,9,7,0,20,0,690,0,273,171,0
2021-05-31,263,708,300,12,2,1,17,0,684,0,249,113,0
2021-06-01,209,184,226,3,6,0,12,0,817,4,283,86,0
2021-06-02,410,194,264,12,17,0,14,0,857,0,296,132,0
2021-06-03,296,199,355,16,6,0,25,0,856,0,271,131,0
2021-06-04,244,183,326,10,2,0,15,1,709,0,234,89,0
2021-06-05,293,0,270,9,5,0,18,0,592,0,212,99,3
2021-06-06,231,0,220,3,5,0,12,0,490,0,153,74,0
2021-06-07,127,481,168,1,2,0,17,0,436,0,163,68,0
2021-06-08,139,165,234,1,3,0,14,0,526,2,199,90,1
2021-06-09,313,148,250,13,3,0,13,0,600,0,155,74,4
2021-06-10,178,153,247,3,5,0,14,1,525,0,216,92,4
2021-06-11,170,180,222,1,3,0,5,4,513,0,163,86,2
2021-06-12,179,0,291,7,6,0,10,3,427,0,133,106,0
2021-06-13,165,0,194,7,1,0,6,0,358,0,119,66,6
2021-06-14,115,277,124,1,4,0,7,0,356,0,110,55,3
2021-06-15,127,108,115,3,2,0,2,0,380,0,174,46,13
2021-06-16,153,113,143,3,1,0,8,0,364,0,150,83,0
2021-06-17,150,120,176,4,1,0,14,0,354,0,159,95,25
2021-06-18,124,108,183,2,0,0,11,0,324,0,130,107,0
2021-06-19,127,0,140,5,0,0,5,0,282,0,88,54,42
2021-06-20,100,0,93,2,0,0,2,0,268,0,94,60,0
2021-06-21,60,229,74,0,0,0,0,0,200,0,93,28,0
2021-06-22,57,56,62,1,1,0,2,0,278,0,128,34,33
2021-06-23,92,84,122,1,0,0,0,0,292,0,80,34,4
2021-06-24,73,75,103,2,0,0,5,0,298,0,81,53,18
2021-06-25,0,72,85,1,0,0,16,0,306,0,104,54,0
2021-06-26,0,0,102,1,0,0,11,0,243,0,79,62,22
2021-06-27,0,0,96,1,0,0,3,0,206,0,49,48,0
2021-06-28,209,131,61,1,1,0,3,0,192,0,97,17,0
2021-06-29,61,29,61,3,0,0,1,0,237,1,105,52,78
2021-06-30,76,43,70,3,1,0,4,0,233,0,74,31,15
2021-07-01,0,0,0,0,0,0,4,0,186,0,79,7,0
2021-07-02,110,84,139,4,1,0,2,0,198,0,66,21,31
2021-07-03,0,0,47,0,0,0,8,0,219,0,62,49,0
2021-07-04,0,0,64,1,0,0,3,0,158,0,40,27,0
2021-07-05,139,85,65,1,13,0,1,0,134,0,78,20,37
2021-07-06,33,7,34,0,0,0,7,0,222,0,87,7,10
2021-07-07,67,59,70,0,0,0,1,0,227,1,69,54,12
2021-07-08,23,63,81,0,0,0,2,0,159,0,73,113,9
2021-07-09,52,112,72,0,2,0,1,0,172,0,72,46,5
2021-07-10,0,0,87,0,0,0,1,0,157,0,60,42,0
2021-07-11,0,0,63,0,0,0,3,0,129,0,54,20,0
2021-07-12,90,123,31,0,0,0,0,0,114,0,60,17,19
2021-07-13,35,33,23,0,5,0,1,0,157,0,80,27,4
2021-07-14,46,41,44,0,3,0,0,0,145,0,32,7,6
2021-07-15,53,58,41,7,23,0,0,0,188,0,40,30,7
2021-07-16,41,45,37,2,0,0,0,0,172,0,43,21,5
2021-07-17,0,0,61,0,0,0,0,0,154,0,97,35,0
2021-07-18,0,0,42,1,0,0,3,0,128,0,81,36,0
2021-07-19,130,156,36,0,4,0,0,0,141,0,61,17,20
2021-07-20,69,76,32,0,0,0,0,0,166,0,0,22,5
2021-07-21,81,78,33,0,0,0,7,0,176,0,103,53,7
2021-07-22,106,89,53,1,0,0,0,0,196,0,0,31,8
2021-07-23,98,112,37,3,0,0,2,0,181,0,101,52,9
2021-07-24,0,0,58,0,0,0,0,0,147,0,121,48,0
2021-07-25,0,0,29,0,0,0,0,0,136,0,102,27,0
2021-07-26,387,267,10,1,0,0,1,0,131,0,75,44,28
2021-07-27,134,150,20,1,0,0,2,0,173,0,73,38,3
2021-07-28,194,185,26,2,0,0,0,0,238,0,133,65,0
2021-07-29,233,202,46,4,0,0,1,0,248,0,138,52,7
2021-07-30,187,243,45,7,0,0,1,0,232,0,125,58,7
2021-07-31,0,0,0,0,0,0,0,0,199,0,189,84,0
2021-08-01,0,0,0,18,0,0,0,0,161,0,158,43,0
2021-08-02,0,0,0,0,3,0,0,0,150,0,154,29,0
2021-08-03,743,742,98,11,0,1,6,0,216,0,175,24,14
2021-08-04,206,342,15,2,1,0,2,0,274,0,184,61,6
2021-08-05,397,402,33,13,0,0,4,0,359,0,305,70,7
2021-08-06,369,464,25,5,2,1,1,0,448,4,218,87,1
2021-08-07,0,0,0,0,0,0,0,0,345,0,235,139,0
2021-08-08,0,0,0,20,0,0,0,0,354,0,274,81,0
2021-08-09,1017,1079,96,5,0,0,7,0,338,0,250,56,9
2021-08-10,279,395,31,8,0,1,1,0,398,2,234,65,3
2021-08-11,501,536,32,13,0,0,3,0,535,0,365,92,2
2021-08-12,550,513,28,11,0,0,7,0,539,0,369,138,7
2021-08-13,582,717,21,19,4,0,1,0,541,0,426,125,2
2021-08-14,0,0,0,0,0,0,0,0,511,0,433,128,0
2021-08-15,0,0,0,0,0,2,0,0,463,0,321,143,0
2021-08-16,1407,1434,77,40,3,13,9,0,438,0,409,87,0
2021-08-17,407,501,22,13,0,56,1,0,524,6,323,108,13
2021-08-18,678,553,37,16,6,57,9,0,665,0,436,131,8
2021-08-19,817,689,26,23,0,0,8,0,710,0,436,190,3
2021-08-20,749,663,42,32,2,41,10,0,717,0,527,244,3
2021-08-21,0,0,0,0,0,29,0,0,685,0,563,187,0
2021-08-22,0,0,0,0,0,0,0,0,508,0,463,220,0
2021-08-23,1972,1711,107,58,2,0,17,0,536,4,376,18,7
2021-08-24,629,641,39,15,0,22,9,0,650,0,345,139,2
2021-08-25,1076,698,103,10,2,7,7,0,802,0,550,216,0
2021-08-26,1112,724,54,8,0,19,1,0,873,0,603,159,1
2021-08-27,1168,867,27,16,7,18,9,0,780,6,612,258,0
2021-08-28,0,0,0,0,0,5,0,0,712,0,604,355,0
2021-08-29,0,0,0,0,0,0,0,0,597,0,579,258,0
2021-08-30,3056,1853,175,39,9,0,31,0,635,0,386,201,5
2021-08-31,920,655,29,3,0,52,1,0,814,0,425,291,2
2021-09-01,1315,785,49,11,8,9,7,0,800,3,690,321,2
2021-09-02,1339,801,34,10,0,14,4,0,893,0,699,265,1
2021-09-03,1401,671,52,14,5,11,5,1,873,0,750,443,0
2021-09-04,0,0,0,0,0,13,7,0,673,0,666,354,0
2021-09-05,0,0,0,0,0,0,11,0,623,0,778,389,0
2021-09-06,0,0,0,0,15,0,7,0,558,0,530,394,0
2021-09-07,4903,2425,155,54,5,0,4,0,702,2,515,305,2
2021-09-08,1166,814,52,16,9,23,14,0,845,0,600,397,1
2021-09-09,1510,774,48,17,0,18,17,0,856,0,703,285,2
2021-09-10,1473,820,103,24,12,23,10,0,868,0,879,432,2
2021-09-11,0,0,0,0,0,28,32,0,727,0,0,341,0
2021-09-12,0,0,0,0,0,0,29,0,590,0,1752,422,0
2021-09-13,4740,1984,165,122,9,0,10,1,549,17,639,449,5
2021-09-14,1434,677,52,35,0,56,66,0,840,0,633,508,3
2021-09-15,1609,661,46,63,10,32,6,0,765,0,785,477,3
2021-09-16,1718,706,60,51,0,16,34,0,829,0,782,440,1
2021-09-17,2020,768,86,57,4,25,18,0,738,18,837,476,3
2021-09-18,0,0,0,0,0,29,0,0,655,0,821,493,0
2021-09-19,0,0,0,0,0,0,0,0,532,0,742,543,0
2021-09-20,4633,1699,147,199,15,0,55,2,598,14,679,516,9
2021-09-21,1519,525,63,65,16,58,25,0,641,0,587,372,0
2021-09-22,1336,759,58,76,23,27,19,0,719,0,683,426,11
2021-09-23,1660,861,64,52,0,18,41,2,658,0,754,460,2
2021-09-24,1651,743,56,78,45,30,34,0,655,0,701,527,7
2021-09-25,0,0,0,61,14,36,0,0,595,0,0,547,0
2021-09-26,0,0,0,82,24,0,0,0,454,0,0,552,0
2021-09-27,5181,2239,294,86,25,0,83,0,500,11,2033,393,6
2021-09-28,1246,652,39,68,14,52,29,0,605,1,469,449,3
2021-09-29,1682,813,110,84,16,49,40,1,634,0,594,394,1
2021-09-30,1706,0,0,99,0,40,0,0,646,0,655,602,0
2021-10-01,1630,1449,185,85,41,0,77,0,608,0,643,471,3
2021-10-02,0,0,0,140,9,84,0,0,519,0,640,480,0
2021-10-03,0,0,0,93,8,0,0,0,510,0,499,354,0
2021-10-04,4037,2085,315,75,14,0,85,0,434,6,402,445,15
2021-10-05,663,593,95,90,5,97,39,0,648,0,436,242,10
2021-10-06,1263,752,88,71,9,65,25,0,586,0,505,476,5
2021-10-07,1254,624,131,116,7,55,29,0,653,0,624,650,5
2021-10-08,1256,743,128,130,8,51,25,2,548,0,643,577,3
2021-10-09,0,0,0,100,0,45,27,0,489,0,602,492,0
2021-10-10,0,0,0,73,0,0,16,0,361,0,612,507,0
2021-10-11,0,0,0,98,0,0,16,5,354,0,480,425,0
2021-10-12,3358,2090,336,109,21,0,34,0,374,7,409,272,28
2021-10-13,652,605,75,82,4,81,22,0,374,0,512,305,3
2021-10-14,916,580,104,133,4,43,26,0,586,0,644,315,4
2021-10-15,1051,667,87,87,4,37,18,0,496,0,677,312,6
2021-10-16,0,0,0,66,0,21,37,0,384,0,678,412,0
2021-10-17,0,0,0,58,0,0,19,3,360,0,532,320,0
2021-10-18,2181,1845,243,53,8,0,22,0,317,0,410,275,21
2021-10-19,531,560,102,50,0,56,6,0,371,6,342,270,9
2021-10-20,786,696,51,69,9,18,5,0,444,0,458,246,6
2021-10-21,770,715,86,67,0,34,19,0,395,0,428,355,1
2021-10-22,656,649,119,40,30,17,23,0,407,0,329,302,3
2021-10-23,0,613,0,40,0,23,0,0,314,0,556,232,0
2021-10-24,0,529,0,51,0,0,0,0,250,0,429,237,0
2021-10-25,1592,476,319,22,36,0,57,0,307,0,324,170,14
2021-10-26,442,457,70,21,0,40,7,0,326,0,340,126,1
2021-10-27,645,599,122,57,20,17,26,0,460,0,478,223,10
2021-10-28,531,758,113,69,0,17,30,0,414,0,478,237,11
2021-10-29,603,584,141,48,8,3,26,0,364,0,511,238,8
2021-10-30,0,568,0,33,0,0,0,0,407,0,591,189,0
2021-10-31,0,470,0,32,0,0,0,0,324,0,567,170,0
2021-11-01,1210,332,335,31,2,8,59,0,377,0,497,129,23
2021-11-02,315,406,121,40,0,9,11,0,448,4,490,109,0
2021-11-03,487,430,122,60,1,6,38,0,527,0,525,172,29
2021-11-04,516,596,152,39,0,0,50,0,529,0,588,188,22
2021-11-05,466,549,126,51,8,0,38,0,599,0,571,141,22
2021-11-06,0,0,0,50,0,0,0,0,530,0,688,164,0
2021-11-07,0,0,0,53,0,0,0,0,478,0,545,157,0
2021-11-08,1300,1438,492,44,9,0,111,0,425,0,531,100,70
2021-11-09,422,500,177,52,0,39,56,0,579,5,545,85,45
2021-11-10,484,555,139,69,7,26,29,0,605,0,672,121,21
2021-11-11,0,0,0,70,0,0,0,0,703,0,663,182,0
2021-11-12,841,992,354,65,6,0,69,0,663,0,716,122,0
2021-11-13,0,0,0,60,0,50,0,0,589,0,715,53,28
2021-11-14,0,0,0,65,0,0,0,0,492,0,634,110,0
2021-11-15,1068,1270,392,40,2,20,98,0,498,4,509,28,97
2021-11-16,321,338,93,34,0,7,31,0,681,0,517,85,0
2021-11-17,412,324,153,82,4,1,19,0,683,0,718,173,44
2021-11-18,383,468,175,72,0,3,22,0,815,0,720,153,27
2021-11-19,412,486,194,90,4,0,27,0,676,0,745,89,32
2021-11-20,0,0,0,67,0,4,0,0,727,0,815,253,0
2021-11-21,0,0,0,90,0,0,0,0,611,0,707,62,0
2021-11-22,1125,1052,448,62,3,8,60,0,580,17,692,73,45
2021-11-23,253,324,126,75,0,11,28,0,774,0,699,68,20
2021-11-24,464,322,140,87,4,2,19,0,761,18,882,90,8
2021-11-25,379,424,183,95,0,2,22,0,977,0,2204,96,15
2021-11-26,356,341,145,99,6,0,28,0,899,0,1037,108,6
2021-11-27,0,0,0,85,0,0,0,0,873,0,1171,73,0
2021-11-28,0,0,0,45,0,0,0,0,761,0,875,53,0
2021-11-29,806,969,333,46,9,0,58,0,707,9,756,49,32
2021-11-30,238,358,124,55,0,1,61,0,948,0,784,42,7
2021-12-01,430,386,122,93,2,3,34,0,1064,0,1196,82,5
2021-12-02,366,368,167,95,0,5,40,0,1110,0,1146,71,14
2021-12-03,349,404,142,97,5,0,19,0,1181,0,1355,80,4
2021-12-04,0,0,0,77,0,1,0,0,965,0,1512,68,0
2021-12-05,0,0,0,118,0,0,0,1,866,0,1256,69,0
2021-12-06,788,946,537,71,7,0,46,0,1038,0,1189,48,17
2021-12-07,240,326,93,69,0,0,21,0,1193,25,1234,52,2
2021-12-08,388,379,175,111,5,0,33,1,1425,0,1367,48,5
2021-12-09,333,341,201,174,0,0,51,0,1541,0,1807,62,6
2021-12-10,287,437,193,143,2,1,123,0,1614,0,198,74,13
2021-12-11,0,0,0,126,0,0,129,0,1557,0,3797,134,0
2021-12-12,0,0,0,112,0,0,111,0,1518,0,1753,37,0
2021-12-13,863,1129,472,100,15,1,114,0,1706,23,1628,35,17
2021-12-14,250,519,161,109,0,0,127,0,2275,0,1747,47,5
2021-12-15,456,584,200,160,13,5,178,0,3134,0,2386,61,4
2021-12-16,473,753,211,177,0,6,287,0,3217,0,2736,55,8
2021-12-17,553,787,234,163,46,0,394,0,4012,0,3768,54,7
2021-12-18,0,0,0,133,23,0,426,0,4030,0,3631,61,0
2021-12-19,0,0,0,108,38,0,476,0,3840,0,3846,78,0
2021-12-20,1925,2550,805,118,27,0,485,0,4881,0,4571,59,29
2021-12-21,786,1308,298,156,27,1,522,0,5822,109,5043,67,2
2021-12-22,1346,1528,395,237,60,7,537,0,8321,0,6361,108,0
2021-12-23,1625,2046,551,257,100,0,689,3,11090,0,9397,198,9
2021-12-24,0,2441,739,265,85,0,611,2,10706,92,10031,205,7
2021-12-25,0,0,0,0,0,0,569,10,9000,0,9206,241,0
2021-12-26,0,0,0,0,0,0,578,5,9566,0,7874,151,0
2021-12-27,0,0,2144,639,357,0,581,0,10300,0,8231,136,0
2021-12-28,0,0,822,306,194,0,561,14,12898,272,12833,185,0
2021-12-29,10918,11013,946,486,312,0,586,37,17160,129,13149,297,27
2021-12-30,4000,4383,1121,572,349,97,511,18,17090,0,14188,591,34
2021-12-31,0,3795,1490,682,431,42,618,38,18611,0,16461,742,26
