time_value,AK,AL,AR,AZ,CA,CO,CT,DC,DE,FL,GA,HI,IA,ID,IL,IN,KS,KY,LA,MA,MD,ME,MI,MN,MO,MS,MT,NC,ND,NE,NH,NJ,NM,NV,NY,OH,OK,OR,PA,RI,SC,SD,TN,TX,UT,VA,VT,WA,WI,WV,WY
2020-01-26,,70.0,64.0,87.0,488.0,52.0,53.0,11.0,14.0,280.0,94.0,19.0,56.0,12.0,171.0,103.0,43.0,101.0,46.0,118.0,77.0,22.0,128.0,82.0,98.0,53.0,11.0,140.0,11.0,35.0,15.0,96.0,32.0,38.0,277.0,152.0,86.0,40.0,182.0,10.0,70.0,10.0,140.0,306.0,20.0,82.0,,78.0,68.0,35.0,
2020-02-02,,71.0,59.0,90.0,519.0,61.0,44.0,10.0,,322.0,104.0,20.0,45.0,20.0,167.0,116.0,36.0,102.0,42.0,106.0,71.0,35.0,142.0,69.0,76.0,63.0,12.0,143.0,,27.0,17.0,92.0,23.0,51.0,293.0,146.0,67.0,41.0,163.0,,77.0,18.0,141.0,322.0,30.0,73.0,,81.0,58.0,39.0,14.0
2020-02-09,0.0,83.0,43.0,108.0,508.0,57.0,47.0,13.0,,301.0,109.0,26.0,43.0,12.0,154.0,101.0,44.0,86.0,52.0,108.0,83.0,25.0,130.0,58.0,79.0,56.0,11.0,167.0,,32.0,12.0,83.0,38.0,34.0,283.0,164.0,86.0,42.0,197.0,15.0,86.0,14.0,131.0,346.0,19.0,67.0,,96.0,89.0,45.0,
2020-02-16,,73.0,65.0,91.0,536.0,48.0,49.0,,15.0,307.0,103.0,18.0,48.0,21.0,157.0,118.0,47.0,86.0,49.0,107.0,69.0,19.0,159.0,76.0,93.0,48.0,17.0,149.0,11.0,31.0,27.0,89.0,26.0,28.0,273.0,140.0,79.0,40.0,166.0,,56.0,13.0,107.0,316.0,22.0,76.0,,75.0,71.0,37.0,
2020-02-23,,78.0,39.0,95.0,506.0,73.0,68.0,,12.0,301.0,99.0,17.0,44.0,20.0,159.0,123.0,47.0,96.0,60.0,122.0,86.0,28.0,129.0,85.0,113.0,65.0,11.0,147.0,15.0,24.0,22.0,104.0,27.0,44.0,272.0,152.0,89.0,38.0,170.0,14.0,67.0,13.0,131.0,341.0,36.0,83.0,14.0,92.0,71.0,44.0,
2020-03-01,,71.0,51.0,91.0,540.0,61.0,42.0,14.0,16.0,298.0,99.0,23.0,55.0,20.0,200.0,110.0,57.0,84.0,58.0,106.0,93.0,32.0,139.0,86.0,111.0,63.0,18.0,135.0,22.0,32.0,21.0,98.0,32.0,37.0,291.0,167.0,88.0,42.0,186.0,21.0,75.0,23.0,134.0,318.0,34.0,80.0,,122.0,78.0,36.0,11.0
2020-03-08,,68.0,41.0,93.0,488.0,50.0,41.0,,13.0,330.0,110.0,20.0,68.0,21.0,187.0,129.0,55.0,100.0,50.0,110.0,78.0,35.0,161.0,66.0,100.0,56.0,17.0,130.0,18.0,25.0,21.0,98.0,23.0,54.0,305.0,179.0,92.0,53.0,205.0,13.0,63.0,15.0,121.0,344.0,27.0,84.0,13.0,111.0,88.0,45.0,
2020-03-15,,79.0,66.0,112.0,555.0,88.0,56.0,11.0,19.0,396.0,164.0,18.0,51.0,26.0,200.0,115.0,43.0,100.0,96.0,122.0,91.0,18.0,178.0,82.0,91.0,58.0,26.0,148.0,25.0,33.0,23.0,145.0,33.0,51.0,507.0,188.0,93.0,59.0,216.0,20.0,68.0,12.0,125.0,363.0,36.0,84.0,13.0,174.0,97.0,46.0,
2020-03-22,11.0,93.0,51.0,134.0,671.0,117.0,90.0,23.0,19.0,436.0,219.0,17.0,61.0,21.0,279.0,172.0,48.0,85.0,255.0,174.0,119.0,33.0,422.0,76.0,127.0,75.0,27.0,161.0,17.0,26.0,26.0,489.0,26.0,62.0,1793.0,239.0,105.0,63.0,251.0,14.0,96.0,16.0,138.0,392.0,42.0,133.0,21.0,234.0,105.0,33.0,11.0
2020-03-29,,106.0,61.0,154.0,788.0,207.0,270.0,37.0,25.0,575.0,352.0,20.0,73.0,22.0,498.0,292.0,55.0,133.0,460.0,372.0,207.0,41.0,917.0,85.0,147.0,117.0,17.0,200.0,17.0,35.0,23.0,1509.0,39.0,90.0,5211.0,270.0,123.0,72.0,411.0,38.0,101.0,21.0,182.0,459.0,39.0,154.0,20.0,245.0,164.0,52.0,10.0
2020-04-05,,143.0,70.0,192.0,811.0,283.0,568.0,50.0,35.0,594.0,350.0,20.0,57.0,35.0,646.0,356.0,81.0,136.0,517.0,784.0,308.0,39.0,1191.0,122.0,177.0,118.0,12.0,195.0,16.0,31.0,37.0,2619.0,53.0,103.0,7487.0,358.0,137.0,71.0,843.0,65.0,121.0,14.0,169.0,539.0,22.0,219.0,12.0,204.0,143.0,59.0,10.0
2020-04-12,,157.0,56.0,171.0,956.0,261.0,724.0,70.0,54.0,601.0,372.0,10.0,75.0,20.0,777.0,365.0,66.0,127.0,452.0,1254.0,391.0,35.0,1129.0,148.0,167.0,127.0,15.0,264.0,21.0,47.0,27.0,2717.0,62.0,63.0,6326.0,423.0,117.0,58.0,1090.0,102.0,108.0,11.0,144.0,542.0,22.0,267.0,20.0,190.0,119.0,38.0,
2020-04-19,,143.0,56.0,184.0,918.0,276.0,722.0,99.0,75.0,603.0,363.0,12.0,82.0,24.0,811.0,412.0,52.0,147.0,379.0,1358.0,476.0,32.0,921.0,203.0,200.0,119.0,,255.0,26.0,54.0,44.0,2250.0,69.0,97.0,4538.0,430.0,107.0,62.0,1220.0,115.0,116.0,16.0,133.0,498.0,31.0,287.0,17.0,167.0,101.0,39.0,11.0
2020-04-26,,143.0,59.0,185.0,879.0,237.0,615.0,81.0,84.0,560.0,350.0,19.0,99.0,16.0,894.0,406.0,48.0,119.0,322.0,1216.0,506.0,20.0,706.0,212.0,179.0,142.0,12.0,222.0,19.0,41.0,49.0,1690.0,88.0,81.0,3121.0,439.0,95.0,45.0,1090.0,142.0,131.0,26.0,130.0,510.0,24.0,315.0,,137.0,125.0,44.0,
2020-05-03,,175.0,63.0,193.0,882.0,183.0,501.0,93.0,74.0,539.0,308.0,12.0,126.0,13.0,919.0,341.0,59.0,135.0,282.0,1026.0,471.0,29.0,559.0,211.0,183.0,134.0,,231.0,17.0,39.0,58.0,1218.0,89.0,77.0,2135.0,396.0,84.0,41.0,981.0,146.0,134.0,27.0,137.0,483.0,28.0,291.0,,133.0,95.0,29.0,
2020-05-10,,156.0,39.0,177.0,812.0,140.0,410.0,80.0,89.0,498.0,259.0,13.0,132.0,15.0,817.0,332.0,56.0,115.0,216.0,868.0,443.0,17.0,392.0,184.0,151.0,165.0,10.0,201.0,23.0,43.0,57.0,909.0,89.0,53.0,1495.0,380.0,78.0,40.0,819.0,124.0,111.0,15.0,145.0,507.0,31.0,246.0,,131.0,98.0,49.0,
2020-05-17,,141.0,57.0,163.0,785.0,129.0,317.0,55.0,60.0,461.0,233.0,12.0,124.0,17.0,703.0,273.0,30.0,111.0,161.0,596.0,364.0,21.0,322.0,205.0,135.0,150.0,,220.0,15.0,52.0,41.0,627.0,64.0,57.0,1071.0,363.0,83.0,32.0,639.0,118.0,96.0,20.0,129.0,440.0,32.0,213.0,,95.0,100.0,36.0,
2020-05-24,,169.0,44.0,186.0,777.0,102.0,236.0,48.0,61.0,452.0,214.0,11.0,112.0,12.0,562.0,215.0,33.0,115.0,162.0,443.0,353.0,30.0,245.0,210.0,106.0,148.0,,250.0,21.0,40.0,49.0,494.0,68.0,64.0,787.0,289.0,64.0,33.0,450.0,78.0,114.0,20.0,137.0,461.0,27.0,210.0,,83.0,130.0,35.0,
2020-05-31,,145.0,54.0,197.0,731.0,88.0,151.0,43.0,31.0,453.0,209.0,11.0,97.0,,537.0,203.0,41.0,117.0,143.0,305.0,288.0,16.0,199.0,198.0,100.0,118.0,14.0,224.0,17.0,29.0,38.0,387.0,53.0,42.0,625.0,306.0,65.0,39.0,372.0,66.0,119.0,14.0,126.0,424.0,28.0,158.0,,65.0,85.0,28.0,
2020-06-07,,128.0,67.0,232.0,740.0,88.0,103.0,35.0,26.0,405.0,197.0,10.0,64.0,13.0,415.0,187.0,38.0,108.0,102.0,241.0,245.0,12.0,152.0,128.0,110.0,104.0,,206.0,,40.0,39.0,287.0,59.0,47.0,495.0,230.0,72.0,39.0,308.0,37.0,106.0,18.0,124.0,450.0,35.0,170.0,,86.0,72.0,28.0,
2020-06-14,,143.0,75.0,269.0,743.0,78.0,66.0,40.0,18.0,449.0,176.0,12.0,56.0,12.0,358.0,185.0,40.0,109.0,111.0,190.0,207.0,17.0,142.0,117.0,97.0,120.0,,200.0,,30.0,21.0,218.0,50.0,47.0,393.0,195.0,71.0,43.0,283.0,39.0,106.0,18.0,141.0,564.0,34.0,130.0,,79.0,79.0,29.0,
2020-06-21,,155.0,80.0,322.0,795.0,57.0,70.0,27.0,20.0,533.0,203.0,10.0,37.0,17.0,234.0,163.0,37.0,117.0,101.0,148.0,167.0,18.0,140.0,100.0,98.0,103.0,12.0,174.0,12.0,33.0,32.0,196.0,43.0,53.0,327.0,196.0,78.0,43.0,247.0,33.0,139.0,12.0,155.0,685.0,34.0,118.0,,77.0,72.0,34.0,
2020-06-28,,171.0,69.0,450.0,914.0,53.0,45.0,21.0,19.0,700.0,212.0,,44.0,19.0,240.0,140.0,32.0,88.0,123.0,124.0,141.0,25.0,115.0,80.0,81.0,128.0,,187.0,12.0,31.0,20.0,155.0,47.0,64.0,286.0,193.0,61.0,43.0,239.0,28.0,178.0,14.0,149.0,1033.0,41.0,99.0,,97.0,60.0,28.0,
2020-07-05,,194.0,77.0,610.0,1065.0,57.0,48.0,10.0,16.0,1016.0,295.0,,47.0,20.0,218.0,147.0,30.0,102.0,165.0,97.0,128.0,18.0,121.0,72.0,93.0,166.0,15.0,218.0,14.0,24.0,20.0,137.0,47.0,95.0,288.0,234.0,86.0,45.0,229.0,22.0,200.0,24.0,201.0,1543.0,53.0,112.0,,113.0,55.0,18.0,
2020-07-12,,249.0,91.0,620.0,1173.0,77.0,38.0,18.0,16.0,1442.0,376.0,17.0,60.0,38.0,171.0,137.0,40.0,98.0,203.0,80.0,111.0,16.0,103.0,85.0,104.0,175.0,18.0,239.0,16.0,25.0,14.0,122.0,41.0,113.0,295.0,238.0,88.0,46.0,200.0,14.0,292.0,16.0,206.0,2014.0,42.0,163.0,,94.0,70.0,30.0,
2020-07-19,,300.0,112.0,539.0,1322.0,69.0,30.0,12.0,13.0,1623.0,461.0,10.0,71.0,49.0,179.0,150.0,57.0,121.0,270.0,80.0,110.0,20.0,122.0,81.0,137.0,217.0,19.0,271.0,19.0,33.0,16.0,128.0,63.0,130.0,270.0,296.0,121.0,55.0,186.0,19.0,374.0,26.0,262.0,2149.0,58.0,137.0,,127.0,86.0,45.0,
2020-07-26,,327.0,129.0,453.0,1317.0,69.0,27.0,15.0,10.0,1747.0,491.0,12.0,77.0,61.0,176.0,147.0,61.0,104.0,290.0,75.0,135.0,15.0,145.0,66.0,133.0,275.0,20.0,306.0,17.0,34.0,,116.0,61.0,136.0,249.0,288.0,135.0,50.0,205.0,,344.0,16.0,256.0,1986.0,43.0,157.0,,142.0,89.0,44.0,
2020-08-02,,313.0,129.0,356.0,1278.0,70.0,34.0,14.0,17.0,1603.0,548.0,14.0,87.0,47.0,196.0,148.0,65.0,125.0,302.0,73.0,125.0,16.0,143.0,88.0,170.0,252.0,27.0,293.0,17.0,44.0,15.0,99.0,40.0,164.0,236.0,289.0,130.0,48.0,233.0,19.0,339.0,17.0,264.0,1733.0,45.0,139.0,0.0,138.0,103.0,54.0,11.0
2020-08-09,,287.0,136.0,310.0,1184.0,50.0,25.0,14.0,13.0,1424.0,522.0,25.0,89.0,44.0,212.0,171.0,66.0,123.0,252.0,72.0,112.0,16.0,169.0,89.0,170.0,233.0,13.0,327.0,20.0,44.0,14.0,108.0,36.0,148.0,228.0,268.0,154.0,49.0,210.0,15.0,290.0,22.0,266.0,1618.0,50.0,159.0,,122.0,88.0,38.0,
2020-08-16,11.0,263.0,143.0,226.0,1091.0,48.0,21.0,17.0,12.0,1225.0,500.0,25.0,94.0,64.0,198.0,168.0,64.0,148.0,229.0,82.0,107.0,16.0,153.0,97.0,159.0,234.0,14.0,302.0,16.0,44.0,15.0,83.0,36.0,132.0,219.0,288.0,137.0,49.0,205.0,26.0,249.0,22.0,239.0,1229.0,37.0,165.0,,109.0,78.0,49.0,
2020-08-23,,244.0,136.0,184.0,998.0,61.0,31.0,15.0,,1018.0,439.0,44.0,105.0,41.0,228.0,145.0,71.0,131.0,197.0,80.0,112.0,13.0,139.0,83.0,188.0,196.0,18.0,279.0,13.0,29.0,11.0,99.0,29.0,104.0,192.0,290.0,122.0,55.0,203.0,13.0,259.0,21.0,280.0,1089.0,24.0,169.0,,86.0,80.0,46.0,
2020-08-30,10.0,208.0,122.0,159.0,896.0,39.0,34.0,15.0,16.0,892.0,345.0,37.0,83.0,52.0,218.0,147.0,77.0,146.0,151.0,57.0,103.0,14.0,128.0,88.0,167.0,158.0,28.0,318.0,27.0,42.0,,102.0,28.0,110.0,206.0,252.0,124.0,47.0,184.0,15.0,237.0,28.0,233.0,921.0,38.0,182.0,,90.0,80.0,62.0,
2020-09-06,,198.0,143.0,113.0,827.0,73.0,32.0,17.0,17.0,776.0,340.0,47.0,88.0,33.0,196.0,161.0,76.0,128.0,163.0,56.0,71.0,22.0,115.0,88.0,205.0,139.0,30.0,285.0,20.0,39.0,,86.0,26.0,87.0,235.0,259.0,131.0,46.0,193.0,13.0,190.0,22.0,276.0,789.0,31.0,172.0,,86.0,83.0,41.0,
2020-09-13,,191.0,122.0,114.0,734.0,46.0,36.0,,11.0,650.0,312.0,44.0,71.0,25.0,234.0,171.0,75.0,119.0,131.0,86.0,90.0,18.0,145.0,85.0,188.0,148.0,22.0,334.0,28.0,35.0,14.0,99.0,21.0,79.0,237.0,217.0,119.0,47.0,202.0,24.0,184.0,33.0,249.0,758.0,26.0,168.0,,113.0,71.0,66.0,11.0
2020-09-20,,152.0,130.0,108.0,729.0,63.0,35.0,16.0,19.0,637.0,297.0,33.0,99.0,30.0,249.0,170.0,75.0,141.0,120.0,76.0,124.0,11.0,143.0,109.0,243.0,134.0,28.0,297.0,59.0,43.0,21.0,95.0,31.0,67.0,257.0,248.0,155.0,40.0,186.0,19.0,181.0,43.0,275.0,742.0,37.0,128.0,,95.0,80.0,48.0,
2020-09-27,,167.0,156.0,99.0,643.0,74.0,34.0,21.0,21.0,533.0,235.0,32.0,115.0,40.0,257.0,227.0,86.0,122.0,107.0,88.0,85.0,15.0,163.0,113.0,289.0,141.0,41.0,281.0,74.0,54.0,12.0,91.0,34.0,69.0,261.0,244.0,145.0,40.0,230.0,18.0,158.0,49.0,223.0,675.0,56.0,149.0,0.0,106.0,119.0,43.0,10.0
2020-10-04,13.0,190.0,169.0,104.0,674.0,71.0,42.0,21.0,20.0,560.0,229.0,32.0,131.0,28.0,301.0,219.0,106.0,140.0,126.0,95.0,123.0,26.0,182.0,126.0,281.0,127.0,60.0,321.0,78.0,75.0,21.0,125.0,36.0,69.0,277.0,259.0,181.0,45.0,249.0,24.0,130.0,56.0,261.0,728.0,61.0,153.0,,86.0,152.0,58.0,
2020-10-11,13.0,173.0,190.0,101.0,589.0,83.0,60.0,,21.0,562.0,244.0,28.0,140.0,47.0,340.0,278.0,121.0,179.0,116.0,106.0,100.0,12.0,213.0,133.0,270.0,120.0,58.0,313.0,68.0,65.0,17.0,106.0,39.0,53.0,264.0,301.0,157.0,56.0,245.0,30.0,171.0,64.0,317.0,790.0,52.0,161.0,,98.0,237.0,50.0,14.0
2020-10-18,11.0,187.0,192.0,121.0,550.0,101.0,63.0,14.0,26.0,521.0,242.0,21.0,162.0,52.0,381.0,282.0,146.0,205.0,113.0,116.0,123.0,14.0,256.0,173.0,307.0,124.0,89.0,297.0,78.0,93.0,22.0,143.0,75.0,68.0,276.0,355.0,217.0,56.0,303.0,29.0,177.0,73.0,360.0,918.0,57.0,164.0,,129.0,332.0,65.0,28.0
2020-10-25,14.0,188.0,186.0,143.0,597.0,128.0,86.0,16.0,30.0,534.0,286.0,22.0,169.0,83.0,431.0,345.0,110.0,199.0,117.0,120.0,122.0,16.0,258.0,204.0,384.0,137.0,99.0,374.0,99.0,98.0,20.0,139.0,102.0,84.0,304.0,423.0,210.0,56.0,303.0,34.0,181.0,93.0,350.0,1142.0,69.0,186.0,,134.0,409.0,75.0,32.0
2020-11-01,10.0,204.0,184.0,194.0,633.0,201.0,100.0,19.0,21.0,514.0,282.0,17.0,287.0,85.0,617.0,397.0,166.0,236.0,130.0,152.0,130.0,26.0,396.0,274.0,447.0,152.0,86.0,397.0,129.0,157.0,14.0,155.0,161.0,86.0,407.0,540.0,238.0,59.0,453.0,34.0,167.0,155.0,372.0,1279.0,91.0,204.0,,124.0,474.0,79.0,49.0
2020-11-08,20.0,230.0,238.0,181.0,752.0,259.0,110.0,21.0,23.0,622.0,306.0,20.0,351.0,96.0,779.0,442.0,188.0,269.0,112.0,178.0,158.0,38.0,507.0,319.0,508.0,168.0,104.0,383.0,139.0,204.0,24.0,254.0,206.0,111.0,419.0,662.0,324.0,82.0,566.0,49.0,171.0,183.0,405.0,1364.0,100.0,185.0,,154.0,588.0,84.0,37.0
2020-11-15,17.0,220.0,240.0,283.0,972.0,291.0,157.0,21.0,30.0,645.0,291.0,19.0,463.0,104.0,1044.0,614.0,261.0,365.0,154.0,169.0,221.0,40.0,669.0,471.0,592.0,193.0,127.0,373.0,146.0,222.0,28.0,289.0,206.0,164.0,498.0,867.0,374.0,115.0,778.0,60.0,187.0,180.0,496.0,1519.0,139.0,241.0,,164.0,608.0,117.0,36.0
2020-11-22,26.0,254.0,266.0,368.0,1175.0,382.0,192.0,25.0,36.0,745.0,324.0,19.0,432.0,109.0,1044.0,689.0,300.0,346.0,182.0,223.0,295.0,48.0,762.0,493.0,650.0,210.0,99.0,423.0,131.0,257.0,42.0,373.0,240.0,208.0,604.0,1141.0,442.0,151.0,1010.0,77.0,197.0,171.0,537.0,1612.0,129.0,273.0,11.0,197.0,536.0,102.0,47.0
2020-11-29,35.0,306.0,306.0,483.0,1672.0,493.0,242.0,29.0,59.0,841.0,373.0,26.0,454.0,136.0,1137.0,730.0,337.0,429.0,208.0,278.0,310.0,65.0,877.0,520.0,655.0,247.0,109.0,478.0,152.0,219.0,58.0,518.0,273.0,250.0,740.0,1365.0,544.0,174.0,1294.0,89.0,244.0,158.0,624.0,1720.0,157.0,298.0,21.0,278.0,548.0,171.0,53.0
2020-12-06,29.0,443.0,269.0,664.0,2307.0,478.0,258.0,26.0,64.0,844.0,434.0,16.0,367.0,110.0,1158.0,828.0,357.0,437.0,280.0,325.0,412.0,65.0,948.0,530.0,658.0,315.0,103.0,607.0,107.0,177.0,62.0,573.0,296.0,320.0,975.0,1545.0,498.0,184.0,1560.0,155.0,244.0,146.0,628.0,1872.0,156.0,370.0,16.0,276.0,485.0,181.0,51.0
2020-12-13,22.0,456.0,300.0,838.0,3290.0,428.0,277.0,43.0,80.0,915.0,481.0,18.0,333.0,111.0,1049.0,775.0,350.0,447.0,266.0,359.0,418.0,44.0,881.0,452.0,571.0,288.0,84.0,698.0,79.0,137.0,62.0,608.0,278.0,316.0,1228.0,1617.0,478.0,155.0,1647.0,153.0,321.0,106.0,696.0,1929.0,147.0,420.0,18.0,277.0,434.0,222.0,49.0
2020-12-20,29.0,509.0,297.0,861.0,4343.0,337.0,281.0,43.0,90.0,1028.0,598.0,20.0,270.0,110.0,1001.0,691.0,312.0,461.0,295.0,428.0,376.0,63.0,742.0,361.0,563.0,299.0,87.0,729.0,74.0,137.0,88.0,654.0,221.0,332.0,1342.0,1452.0,498.0,144.0,1704.0,112.0,374.0,70.0,793.0,2025.0,125.0,437.0,30.0,268.0,381.0,207.0,45.0
2020-12-27,14.0,576.0,332.0,978.0,5098.0,299.0,328.0,47.0,77.0,1217.0,786.0,15.0,225.0,89.0,904.0,735.0,277.0,428.0,308.0,447.0,408.0,73.0,649.0,314.0,538.0,351.0,62.0,882.0,42.0,119.0,83.0,726.0,210.0,320.0,1414.0,1365.0,560.0,155.0,1647.0,106.0,434.0,70.0,794.0,2270.0,119.0,540.0,17.0,254.0,356.0,230.0,36.0
2021-01-03,15.0,613.0,314.0,1028.0,5665.0,247.0,275.0,42.0,78.0,1336.0,932.0,28.0,236.0,91.0,764.0,637.0,278.0,405.0,357.0,467.0,398.0,69.0,575.0,280.0,512.0,398.0,58.0,928.0,34.0,122.0,84.0,627.0,210.0,313.0,1666.0,1249.0,543.0,153.0,1419.0,116.0,492.0,80.0,873.0,2820.0,130.0,587.0,14.0,268.0,314.0,250.0,36.0
2021-01-10,12.0,663.0,349.0,1082.0,5462.0,202.0,272.0,47.0,87.0,1543.0,1084.0,27.0,197.0,63.0,690.0,569.0,251.0,387.0,400.0,448.0,392.0,94.0,493.0,256.0,496.0,383.0,51.0,1007.0,38.0,102.0,99.0,697.0,190.0,326.0,1686.0,1199.0,543.0,124.0,1270.0,108.0,567.0,45.0,775.0,2841.0,125.0,625.0,13.0,230.0,286.0,208.0,26.0
2021-01-17,,636.0,343.0,1045.0,4689.0,185.0,277.0,44.0,97.0,1455.0,1021.0,26.0,177.0,72.0,597.0,506.0,218.0,380.0,374.0,457.0,411.0,72.0,450.0,168.0,469.0,369.0,46.0,982.0,24.0,90.0,74.0,640.0,176.0,285.0,1687.0,976.0,504.0,122.0,1170.0,107.0,591.0,44.0,747.0,2725.0,123.0,629.0,11.0,221.0,270.0,153.0,28.0
2021-01-24,13.0,552.0,251.0,846.0,3866.0,176.0,207.0,53.0,76.0,1337.0,981.0,21.0,139.0,51.0,564.0,453.0,187.0,338.0,278.0,425.0,356.0,66.0,376.0,151.0,377.0,287.0,37.0,854.0,20.0,77.0,69.0,603.0,132.0,257.0,1563.0,828.0,404.0,106.0,990.0,92.0,516.0,36.0,593.0,2523.0,100.0,567.0,,202.0,240.0,149.0,26.0
2021-01-31,,408.0,223.0,741.0,3234.0,149.0,204.0,49.0,61.0,1323.0,795.0,17.0,128.0,52.0,463.0,362.0,142.0,283.0,269.0,368.0,311.0,44.0,366.0,140.0,281.0,274.0,31.0,700.0,27.0,52.0,46.0,557.0,132.0,234.0,1469.0,697.0,323.0,107.0,792.0,73.0,450.0,41.0,433.0,2165.0,81.0,496.0,11.0,201.0,199.0,136.0,22.0
2021-02-07,,312.0,171.0,573.0,2593.0,139.0,170.0,42.0,62.0,1140.0,564.0,26.0,95.0,27.0,427.0,260.0,106.0,261.0,205.0,269.0,304.0,44.0,266.0,130.0,242.0,192.0,26.0,608.0,11.0,52.0,30.0,435.0,95.0,201.0,1338.0,542.0,264.0,68.0,658.0,71.0,351.0,30.0,349.0,1818.0,65.0,410.0,,145.0,157.0,132.0,22.0
2021-02-14,,273.0,140.0,397.0,1997.0,108.0,122.0,33.0,28.0,967.0,499.0,17.0,87.0,42.0,336.0,208.0,92.0,239.0,185.0,249.0,244.0,41.0,244.0,111.0,207.0,155.0,28.0,476.0,14.0,53.0,28.0,408.0,85.0,142.0,1200.0,487.0,244.0,67.0,566.0,38.0,271.0,18.0,334.0,1670.0,43.0,357.0,13.0,132.0,116.0,80.0,14.0
2021-02-21,11.0,227.0,129.0,294.0,1512.0,89.0,103.0,35.0,33.0,854.0,421.0,16.0,83.0,32.0,303.0,193.0,79.0,232.0,124.0,214.0,228.0,28.0,194.0,86.0,171.0,163.0,24.0,379.0,19.0,35.0,24.0,368.0,76.0,118.0,1024.0,392.0,203.0,56.0,444.0,33.0,234.0,27.0,255.0,1370.0,48.0,291.0,13.0,134.0,117.0,64.0,
2021-02-28,,156.0,108.0,252.0,1142.0,81.0,97.0,27.0,33.0,778.0,313.0,19.0,74.0,32.0,244.0,169.0,67.0,181.0,127.0,158.0,171.0,19.0,197.0,99.0,145.0,130.0,27.0,284.0,21.0,42.0,27.0,312.0,72.0,94.0,923.0,340.0,167.0,60.0,356.0,22.0,208.0,22.0,225.0,1126.0,49.0,204.0,,116.0,99.0,70.0,10.0
2021-03-07,,158.0,85.0,205.0,915.0,81.0,87.0,21.0,31.0,664.0,263.0,11.0,65.0,27.0,217.0,144.0,45.0,177.0,135.0,143.0,165.0,19.0,168.0,91.0,129.0,99.0,22.0,247.0,22.0,32.0,23.0,285.0,44.0,84.0,878.0,316.0,121.0,47.0,354.0,36.0,163.0,25.0,241.0,928.0,41.0,178.0,12.0,97.0,81.0,57.0,
2021-03-14,,124.0,76.0,179.0,805.0,82.0,75.0,14.0,21.0,624.0,252.0,22.0,56.0,26.0,208.0,126.0,38.0,129.0,85.0,141.0,194.0,23.0,206.0,73.0,104.0,97.0,22.0,226.0,,35.0,23.0,320.0,54.0,81.0,748.0,276.0,109.0,58.0,328.0,26.0,134.0,16.0,177.0,805.0,38.0,190.0,,83.0,67.0,63.0,
2021-03-21,,124.0,58.0,133.0,672.0,76.0,66.0,19.0,18.0,593.0,198.0,13.0,53.0,22.0,220.0,122.0,46.0,140.0,104.0,134.0,147.0,30.0,259.0,56.0,136.0,81.0,19.0,220.0,16.0,31.0,17.0,297.0,57.0,62.0,773.0,237.0,120.0,61.0,313.0,12.0,136.0,18.0,213.0,684.0,25.0,192.0,,85.0,75.0,51.0,10.0
2021-03-28,,122.0,50.0,106.0,573.0,85.0,72.0,25.0,16.0,572.0,214.0,14.0,42.0,29.0,218.0,123.0,52.0,127.0,94.0,145.0,182.0,24.0,322.0,95.0,116.0,82.0,16.0,211.0,,32.0,15.0,290.0,50.0,61.0,718.0,223.0,95.0,50.0,311.0,23.0,113.0,18.0,185.0,582.0,22.0,143.0,10.0,58.0,72.0,50.0,
2021-04-04,,104.0,63.0,132.0,530.0,67.0,55.0,23.0,30.0,558.0,213.0,17.0,72.0,46.0,216.0,124.0,36.0,112.0,69.0,97.0,181.0,23.0,419.0,108.0,97.0,80.0,,188.0,11.0,29.0,16.0,331.0,39.0,65.0,707.0,257.0,126.0,55.0,361.0,14.0,116.0,11.0,215.0,598.0,21.0,171.0,,95.0,80.0,62.0,
2021-04-11,,91.0,46.0,106.0,514.0,100.0,61.0,28.0,30.0,578.0,188.0,19.0,53.0,33.0,265.0,141.0,42.0,124.0,90.0,106.0,172.0,28.0,508.0,100.0,111.0,71.0,20.0,203.0,19.0,31.0,16.0,319.0,35.0,61.0,643.0,230.0,83.0,47.0,412.0,22.0,112.0,19.0,192.0,549.0,23.0,161.0,,104.0,80.0,60.0,
2021-04-18,,98.0,43.0,119.0,492.0,84.0,76.0,23.0,17.0,615.0,192.0,22.0,54.0,27.0,287.0,123.0,53.0,118.0,74.0,110.0,175.0,30.0,579.0,100.0,94.0,78.0,15.0,205.0,15.0,35.0,21.0,296.0,27.0,57.0,651.0,297.0,87.0,45.0,434.0,14.0,138.0,24.0,206.0,580.0,38.0,180.0,,106.0,81.0,53.0,
2021-04-25,,100.0,50.0,121.0,481.0,81.0,76.0,17.0,18.0,550.0,178.0,14.0,48.0,25.0,293.0,137.0,44.0,104.0,79.0,118.0,169.0,21.0,517.0,111.0,118.0,80.0,17.0,199.0,25.0,43.0,15.0,268.0,27.0,71.0,535.0,245.0,55.0,56.0,349.0,28.0,125.0,22.0,196.0,527.0,35.0,171.0,,119.0,84.0,66.0,
2021-05-02,14.0,108.0,67.0,120.0,450.0,100.0,63.0,18.0,17.0,581.0,169.0,26.0,45.0,17.0,297.0,142.0,40.0,112.0,57.0,107.0,123.0,33.0,461.0,91.0,102.0,59.0,,229.0,18.0,26.0,17.0,251.0,36.0,67.0,514.0,220.0,90.0,70.0,373.0,16.0,111.0,22.0,187.0,527.0,29.0,147.0,,112.0,80.0,68.0,
2021-05-09,12.0,91.0,63.0,101.0,421.0,118.0,58.0,21.0,16.0,513.0,131.0,14.0,53.0,27.0,261.0,139.0,37.0,108.0,82.0,107.0,136.0,31.0,425.0,114.0,104.0,66.0,21.0,212.0,20.0,41.0,16.0,191.0,48.0,60.0,446.0,213.0,80.0,80.0,290.0,16.0,114.0,23.0,189.0,498.0,19.0,134.0,,116.0,70.0,59.0,14.0
2021-05-16,,92.0,42.0,111.0,418.0,94.0,33.0,21.0,15.0,502.0,160.0,16.0,36.0,22.0,273.0,143.0,60.0,103.0,64.0,103.0,126.0,35.0,362.0,97.0,99.0,88.0,17.0,206.0,11.0,24.0,12.0,132.0,48.0,56.0,385.0,230.0,71.0,88.0,291.0,12.0,74.0,16.0,194.0,456.0,32.0,118.0,,99.0,77.0,51.0,
2021-05-23,,80.0,53.0,115.0,387.0,97.0,39.0,11.0,19.0,433.0,156.0,13.0,41.0,25.0,208.0,126.0,28.0,126.0,80.0,82.0,103.0,21.0,261.0,74.0,82.0,85.0,15.0,195.0,17.0,24.0,13.0,146.0,43.0,46.0,318.0,224.0,75.0,55.0,232.0,16.0,78.0,12.0,168.0,461.0,32.0,109.0,,120.0,65.0,43.0,
2021-05-30,,85.0,56.0,114.0,374.0,88.0,32.0,10.0,13.0,453.0,145.0,14.0,42.0,21.0,211.0,129.0,45.0,99.0,70.0,63.0,91.0,24.0,230.0,74.0,107.0,70.0,18.0,165.0,14.0,27.0,,105.0,32.0,44.0,326.0,181.0,78.0,61.0,219.0,15.0,77.0,11.0,141.0,381.0,30.0,97.0,,109.0,61.0,48.0,
2021-06-06,,84.0,54.0,89.0,379.0,71.0,36.0,10.0,15.0,423.0,147.0,,40.0,30.0,197.0,126.0,37.0,104.0,48.0,75.0,83.0,22.0,179.0,75.0,110.0,61.0,27.0,146.0,19.0,20.0,20.0,79.0,24.0,64.0,289.0,180.0,85.0,56.0,189.0,10.0,75.0,,157.0,398.0,28.0,83.0,,108.0,67.0,36.0,14.0
2021-06-13,,80.0,67.0,96.0,370.0,72.0,34.0,,14.0,404.0,113.0,10.0,36.0,25.0,151.0,121.0,28.0,99.0,61.0,61.0,68.0,22.0,178.0,56.0,122.0,65.0,21.0,160.0,10.0,30.0,14.0,108.0,32.0,50.0,261.0,184.0,80.0,48.0,193.0,,81.0,12.0,136.0,410.0,21.0,81.0,,95.0,58.0,45.0,11.0
2021-06-20,,96.0,67.0,110.0,359.0,74.0,26.0,12.0,18.0,374.0,111.0,19.0,46.0,21.0,136.0,114.0,31.0,107.0,76.0,58.0,78.0,23.0,134.0,53.0,146.0,60.0,16.0,153.0,15.0,29.0,10.0,72.0,31.0,60.0,226.0,149.0,68.0,40.0,144.0,12.0,75.0,13.0,118.0,382.0,36.0,98.0,,91.0,40.0,33.0,
2021-06-27,,67.0,66.0,95.0,362.0,74.0,25.0,,14.0,421.0,104.0,11.0,37.0,18.0,128.0,101.0,49.0,92.0,56.0,60.0,65.0,22.0,117.0,52.0,134.0,50.0,19.0,136.0,14.0,23.0,,99.0,36.0,66.0,229.0,127.0,73.0,36.0,131.0,13.0,61.0,11.0,109.0,389.0,31.0,80.0,,90.0,51.0,38.0,10.0
2021-07-04,,98.0,90.0,94.0,368.0,91.0,24.0,21.0,,458.0,116.0,19.0,38.0,19.0,134.0,98.0,57.0,96.0,48.0,63.0,58.0,15.0,116.0,59.0,154.0,70.0,18.0,121.0,13.0,27.0,,74.0,24.0,73.0,228.0,143.0,91.0,34.0,142.0,,76.0,,114.0,396.0,33.0,77.0,,86.0,53.0,37.0,
2021-07-11,,97.0,122.0,106.0,422.0,69.0,21.0,,11.0,543.0,123.0,12.0,40.0,15.0,147.0,108.0,47.0,99.0,98.0,70.0,77.0,25.0,102.0,49.0,219.0,93.0,21.0,146.0,,23.0,12.0,93.0,29.0,110.0,258.0,163.0,78.0,44.0,128.0,,72.0,12.0,99.0,468.0,29.0,69.0,,81.0,51.0,29.0,10.0
2021-07-18,,110.0,155.0,121.0,471.0,81.0,35.0,10.0,19.0,731.0,156.0,17.0,52.0,26.0,123.0,91.0,49.0,100.0,131.0,86.0,75.0,18.0,118.0,60.0,240.0,96.0,25.0,173.0,12.0,34.0,,92.0,31.0,114.0,218.0,130.0,111.0,50.0,139.0,,83.0,15.0,163.0,566.0,41.0,65.0,,88.0,51.0,40.0,19.0
2021-07-25,17.0,166.0,173.0,175.0,555.0,80.0,26.0,,,1164.0,199.0,21.0,36.0,29.0,177.0,123.0,66.0,141.0,201.0,65.0,76.0,12.0,100.0,61.0,285.0,139.0,26.0,213.0,,37.0,15.0,99.0,37.0,165.0,245.0,169.0,147.0,58.0,154.0,,104.0,16.0,152.0,763.0,49.0,105.0,,97.0,60.0,48.0,13.0
2021-08-01,29.0,270.0,222.0,188.0,714.0,90.0,48.0,11.0,13.0,1765.0,348.0,23.0,49.0,46.0,186.0,143.0,104.0,168.0,353.0,62.0,82.0,10.0,129.0,66.0,381.0,223.0,24.0,282.0,16.0,41.0,11.0,121.0,42.0,174.0,274.0,173.0,207.0,81.0,160.0,21.0,168.0,,254.0,1090.0,65.0,109.0,,118.0,65.0,54.0,23.0
2021-08-08,27.0,381.0,265.0,230.0,973.0,93.0,54.0,11.0,10.0,2426.0,560.0,40.0,67.0,51.0,224.0,180.0,107.0,215.0,453.0,86.0,86.0,24.0,159.0,77.0,383.0,269.0,38.0,372.0,17.0,53.0,20.0,130.0,67.0,173.0,329.0,241.0,258.0,117.0,207.0,15.0,248.0,14.0,387.0,1620.0,64.0,134.0,,160.0,97.0,73.0,19.0
2021-08-15,25.0,477.0,266.0,238.0,1150.0,125.0,58.0,22.0,26.0,2887.0,788.0,48.0,72.0,59.0,311.0,233.0,112.0,283.0,470.0,92.0,107.0,31.0,198.0,75.0,374.0,378.0,52.0,520.0,20.0,56.0,23.0,161.0,78.0,209.0,387.0,309.0,352.0,174.0,241.0,14.0,324.0,18.0,468.0,2134.0,83.0,190.0,15.0,211.0,111.0,69.0,16.0
2021-08-22,25.0,543.0,250.0,282.0,1304.0,121.0,64.0,16.0,27.0,3082.0,964.0,59.0,81.0,85.0,327.0,272.0,122.0,350.0,504.0,122.0,124.0,33.0,192.0,99.0,404.0,392.0,64.0,614.0,25.0,61.0,32.0,169.0,95.0,212.0,420.0,342.0,336.0,215.0,310.0,21.0,427.0,21.0,616.0,2484.0,75.0,241.0,10.0,260.0,151.0,108.0,31.0
2021-08-29,41.0,551.0,262.0,342.0,1390.0,135.0,72.0,19.0,27.0,3036.0,1089.0,78.0,110.0,104.0,342.0,288.0,135.0,447.0,451.0,116.0,132.0,38.0,241.0,114.0,355.0,349.0,54.0,745.0,20.0,51.0,19.0,181.0,92.0,182.0,424.0,447.0,401.0,280.0,339.0,25.0,452.0,38.0,764.0,2575.0,84.0,265.0,13.0,331.0,158.0,154.0,39.0
2021-09-05,34.0,611.0,213.0,332.0,1399.0,128.0,64.0,14.0,32.0,2668.0,1058.0,74.0,108.0,121.0,392.0,376.0,140.0,453.0,356.0,129.0,174.0,57.0,263.0,110.0,294.0,349.0,72.0,717.0,27.0,53.0,30.0,201.0,120.0,219.0,502.0,528.0,364.0,250.0,387.0,40.0,519.0,36.0,826.0,2446.0,91.0,303.0,10.0,327.0,175.0,177.0,37.0
2021-09-12,45.0,526.0,214.0,337.0,1300.0,158.0,71.0,13.0,46.0,2158.0,1012.0,72.0,120.0,166.0,375.0,405.0,127.0,487.0,370.0,128.0,179.0,43.0,314.0,141.0,319.0,299.0,74.0,770.0,36.0,55.0,25.0,210.0,99.0,210.0,518.0,698.0,355.0,247.0,446.0,20.0,602.0,34.0,865.0,2329.0,100.0,366.0,16.0,357.0,207.0,194.0,44.0
2021-09-19,60.0,452.0,199.0,353.0,1214.0,163.0,81.0,15.0,41.0,1803.0,881.0,78.0,127.0,184.0,330.0,410.0,145.0,504.0,263.0,134.0,192.0,55.0,309.0,151.0,283.0,248.0,92.0,719.0,36.0,86.0,24.0,218.0,78.0,194.0,515.0,775.0,338.0,229.0,501.0,19.0,520.0,45.0,841.0,2168.0,107.0,386.0,21.0,327.0,192.0,221.0,49.0
2021-09-26,61.0,411.0,190.0,354.0,1100.0,199.0,65.0,17.0,40.0,1416.0,697.0,58.0,130.0,203.0,355.0,374.0,122.0,512.0,198.0,149.0,155.0,47.0,339.0,167.0,295.0,189.0,85.0,642.0,45.0,65.0,19.0,198.0,88.0,188.0,495.0,769.0,288.0,196.0,574.0,20.0,430.0,43.0,672.0,1870.0,93.0,388.0,15.0,309.0,220.0,238.0,58.0
2021-10-03,46.0,317.0,163.0,320.0,1005.0,197.0,73.0,15.0,43.0,1075.0,566.0,36.0,152.0,185.0,291.0,359.0,100.0,393.0,166.0,147.0,177.0,52.0,347.0,186.0,224.0,129.0,126.0,587.0,53.0,78.0,28.0,208.0,85.0,172.0,504.0,754.0,249.0,203.0,603.0,18.0,382.0,28.0,582.0,1547.0,114.0,341.0,16.0,262.0,224.0,219.0,55.0
2021-10-10,49.0,274.0,120.0,324.0,865.0,191.0,62.0,15.0,34.0,886.0,439.0,37.0,139.0,158.0,297.0,312.0,102.0,383.0,147.0,139.0,172.0,54.0,396.0,169.0,220.0,120.0,122.0,477.0,77.0,85.0,41.0,198.0,87.0,150.0,478.0,753.0,202.0,152.0,641.0,22.0,304.0,35.0,457.0,1326.0,119.0,313.0,17.0,281.0,226.0,188.0,41.0
2021-10-17,52.0,211.0,116.0,295.0,897.0,237.0,85.0,15.0,39.0,718.0,376.0,30.0,136.0,138.0,296.0,292.0,101.0,307.0,94.0,141.0,189.0,53.0,467.0,174.0,180.0,133.0,93.0,452.0,68.0,66.0,37.0,178.0,92.0,140.0,494.0,707.0,201.0,170.0,626.0,27.0,252.0,47.0,416.0,1067.0,80.0,267.0,14.0,230.0,200.0,177.0,50.0
2021-10-24,63.0,156.0,112.0,350.0,876.0,249.0,59.0,14.0,25.0,618.0,306.0,30.0,122.0,149.0,295.0,257.0,86.0,250.0,95.0,136.0,167.0,53.0,434.0,193.0,189.0,100.0,99.0,372.0,52.0,77.0,51.0,177.0,98.0,116.0,516.0,659.0,174.0,157.0,655.0,27.0,187.0,34.0,314.0,870.0,135.0,269.0,27.0,208.0,223.0,123.0,54.0
2021-10-31,47.0,143.0,89.0,333.0,898.0,302.0,63.0,13.0,31.0,545.0,257.0,27.0,118.0,114.0,263.0,260.0,103.0,224.0,91.0,136.0,147.0,69.0,459.0,227.0,182.0,99.0,101.0,311.0,50.0,77.0,41.0,189.0,129.0,152.0,492.0,547.0,166.0,131.0,611.0,21.0,163.0,34.0,243.0,732.0,114.0,229.0,15.0,212.0,219.0,135.0,53.0
2021-11-07,27.0,138.0,91.0,421.0,910.0,328.0,69.0,13.0,26.0,458.0,231.0,22.0,126.0,108.0,296.0,264.0,97.0,186.0,75.0,131.0,138.0,67.0,565.0,233.0,160.0,84.0,92.0,252.0,56.0,79.0,48.0,172.0,141.0,146.0,500.0,544.0,146.0,110.0,617.0,24.0,146.0,47.0,298.0,691.0,104.0,196.0,15.0,206.0,225.0,137.0,40.0
2021-11-14,27.0,99.0,86.0,455.0,903.0,334.0,74.0,10.0,26.0,395.0,215.0,21.0,151.0,71.0,295.0,264.0,111.0,186.0,75.0,133.0,130.0,76.0,643.0,280.0,184.0,83.0,79.0,275.0,49.0,94.0,48.0,141.0,177.0,133.0,497.0,644.0,154.0,119.0,654.0,26.0,154.0,52.0,247.0,684.0,94.0,206.0,13.0,173.0,271.0,163.0,45.0
2021-11-21,32.0,119.0,104.0,525.0,855.0,319.0,96.0,,35.0,372.0,160.0,24.0,130.0,64.0,343.0,315.0,113.0,208.0,72.0,165.0,119.0,81.0,801.0,286.0,214.0,70.0,80.0,292.0,50.0,80.0,51.0,168.0,169.0,130.0,575.0,809.0,137.0,109.0,749.0,31.0,144.0,55.0,244.0,652.0,90.0,198.0,,205.0,290.0,137.0,35.0
2021-11-28,23.0,124.0,126.0,551.0,862.0,341.0,92.0,11.0,36.0,413.0,195.0,19.0,152.0,74.0,404.0,382.0,120.0,232.0,79.0,227.0,141.0,81.0,886.0,324.0,235.0,78.0,56.0,288.0,72.0,104.0,62.0,184.0,183.0,137.0,680.0,843.0,178.0,121.0,859.0,36.0,125.0,46.0,287.0,733.0,110.0,200.0,18.0,183.0,322.0,115.0,24.0
2021-12-05,28.0,115.0,109.0,609.0,802.0,316.0,118.0,21.0,45.0,444.0,193.0,18.0,161.0,57.0,468.0,478.0,155.0,245.0,81.0,221.0,176.0,100.0,974.0,319.0,293.0,86.0,53.0,328.0,58.0,111.0,66.0,203.0,220.0,154.0,720.0,1007.0,198.0,111.0,966.0,47.0,155.0,42.0,305.0,785.0,92.0,261.0,23.0,182.0,356.0,128.0,28.0
2021-12-12,12.0,129.0,161.0,551.0,926.0,289.0,117.0,18.0,57.0,395.0,223.0,24.0,171.0,61.0,566.0,508.0,163.0,291.0,63.0,234.0,226.0,107.0,921.0,323.0,331.0,102.0,44.0,324.0,44.0,106.0,71.0,257.0,197.0,113.0,734.0,1089.0,216.0,116.0,974.0,49.0,150.0,55.0,308.0,748.0,106.0,272.0,30.0,156.0,387.0,137.0,21.0
2021-12-19,15.0,135.0,117.0,572.0,894.0,248.0,136.0,21.0,40.0,437.0,220.0,26.0,196.0,70.0,682.0,555.0,154.0,308.0,84.0,251.0,254.0,92.0,886.0,276.0,354.0,109.0,34.0,397.0,37.0,99.0,90.0,283.0,183.0,157.0,844.0,1104.0,229.0,98.0,986.0,60.0,190.0,43.0,308.0,753.0,77.0,286.0,14.0,145.0,354.0,125.0,26.0
2021-12-26,12.0,140.0,141.0,514.0,1066.0,243.0,153.0,43.0,66.0,573.0,323.0,23.0,177.0,59.0,752.0,566.0,214.0,324.0,105.0,332.0,332.0,80.0,764.0,305.0,378.0,124.0,33.0,405.0,33.0,79.0,74.0,452.0,192.0,140.0,1004.0,1167.0,257.0,118.0,952.0,60.0,176.0,52.0,352.0,899.0,75.0,351.0,32.0,216.0,356.0,143.0,15.0
2022-01-02,22.0,227.0,170.0,538.0,1344.0,261.0,253.0,51.0,76.0,856.0,469.0,38.0,184.0,57.0,1039.0,555.0,205.0,356.0,156.0,395.0,465.0,84.0,794.0,296.0,481.0,167.0,44.0,540.0,40.0,106.0,67.0,747.0,167.0,175.0,1397.0,1320.0,289.0,121.0,1139.0,58.0,279.0,68.0,475.0,1148.0,96.0,465.0,11.0,240.0,388.0,155.0,23.0
2022-01-09,21.0,308.0,205.0,543.0,1794.0,282.0,297.0,52.0,89.0,1293.0,691.0,43.0,222.0,76.0,1085.0,670.0,276.0,404.0,231.0,413.0,555.0,66.0,797.0,239.0,557.0,253.0,51.0,655.0,45.0,124.0,73.0,881.0,171.0,224.0,1695.0,1380.0,360.0,132.0,1284.0,81.0,352.0,46.0,556.0,1618.0,100.0,579.0,26.0,331.0,423.0,196.0,22.0
2022-01-16,23.0,350.0,270.0,577.0,2244.0,334.0,337.0,69.0,106.0,1605.0,765.0,78.0,195.0,61.0,1111.0,640.0,259.0,428.0,338.0,498.0,542.0,91.0,788.0,272.0,590.0,327.0,69.0,696.0,37.0,102.0,77.0,839.0,177.0,306.0,1670.0,1320.0,458.0,179.0,1244.0,91.0,419.0,48.0,620.0,2039.0,136.0,614.0,30.0,355.0,407.0,173.0,15.0
2022-01-23,26.0,487.0,278.0,574.0,2316.0,329.0,212.0,37.0,89.0,1628.0,767.0,61.0,210.0,95.0,886.0,588.0,253.0,473.0,325.0,440.0,404.0,99.0,675.0,289.0,540.0,353.0,57.0,903.0,49.0,128.0,65.0,673.0,196.0,314.0,1454.0,1123.0,524.0,212.0,1080.0,84.0,544.0,54.0,729.0,2201.0,116.0,584.0,28.0,358.0,359.0,206.0,31.0
2022-01-30,19.0,468.0,306.0,588.0,2326.0,278.0,200.0,34.0,75.0,1508.0,692.0,64.0,192.0,96.0,667.0,485.0,219.0,501.0,294.0,371.0,325.0,77.0,601.0,227.0,509.0,356.0,70.0,811.0,48.0,113.0,72.0,517.0,166.0,280.0,1167.0,937.0,501.0,206.0,922.0,56.0,507.0,55.0,693.0,2074.0,126.0,527.0,26.0,349.0,291.0,216.0,30.0
2022-02-06,27.0,440.0,285.0,489.0,1854.0,227.0,149.0,32.0,54.0,1274.0,629.0,41.0,141.0,120.0,560.0,422.0,201.0,406.0,283.0,265.0,230.0,66.0,463.0,228.0,449.0,281.0,62.0,763.0,51.0,104.0,53.0,345.0,134.0,257.0,845.0,740.0,433.0,207.0,690.0,49.0,429.0,51.0,649.0,1757.0,112.0,416.0,18.0,293.0,221.0,190.0,36.0
2022-02-13,25.0,360.0,230.0,374.0,1449.0,188.0,105.0,24.0,39.0,1083.0,462.0,36.0,146.0,90.0,425.0,378.0,155.0,375.0,210.0,183.0,157.0,82.0,405.0,169.0,348.0,241.0,58.0,607.0,38.0,82.0,40.0,246.0,106.0,181.0,683.0,580.0,339.0,177.0,531.0,34.0,312.0,52.0,562.0,1294.0,73.0,347.0,24.0,237.0,182.0,169.0,20.0
2022-02-20,18.0,292.0,178.0,298.0,1152.0,149.0,86.0,21.0,32.0,825.0,360.0,31.0,100.0,68.0,312.0,263.0,112.0,325.0,170.0,144.0,173.0,31.0,322.0,140.0,237.0,164.0,42.0,429.0,42.0,67.0,32.0,189.0,101.0,140.0,487.0,454.0,226.0,149.0,431.0,20.0,240.0,38.0,417.0,1055.0,68.0,281.0,15.0,202.0,138.0,134.0,20.0
2022-02-27,17.0,208.0,139.0,244.0,902.0,112.0,62.0,,31.0,670.0,275.0,17.0,85.0,52.0,241.0,218.0,94.0,300.0,141.0,100.0,144.0,30.0,247.0,103.0,199.0,150.0,42.0,352.0,23.0,62.0,20.0,139.0,86.0,117.0,454.0,372.0,210.0,123.0,336.0,23.0,163.0,23.0,369.0,771.0,66.0,202.0,18.0,161.0,106.0,115.0,18.0
2022-03-06,11.0,162.0,91.0,191.0,716.0,99.0,50.0,11.0,21.0,556.0,230.0,21.0,73.0,36.0,204.0,169.0,71.0,199.0,115.0,97.0,120.0,42.0,217.0,112.0,143.0,115.0,29.0,286.0,15.0,48.0,27.0,125.0,52.0,85.0,381.0,281.0,146.0,81.0,235.0,14.0,155.0,26.0,253.0,591.0,51.0,154.0,,124.0,113.0,108.0,12.0
2022-03-13,,122.0,66.0,173.0,627.0,87.0,37.0,16.0,27.0,468.0,180.0,25.0,48.0,23.0,180.0,121.0,52.0,184.0,81.0,92.0,107.0,27.0,197.0,69.0,124.0,93.0,21.0,223.0,18.0,33.0,15.0,108.0,52.0,78.0,320.0,271.0,121.0,75.0,251.0,19.0,104.0,26.0,190.0,532.0,37.0,129.0,,109.0,82.0,90.0,10.0
2022-03-20,,106.0,77.0,134.0,549.0,83.0,36.0,15.0,27.0,433.0,148.0,11.0,49.0,23.0,158.0,129.0,54.0,162.0,64.0,98.0,81.0,34.0,174.0,76.0,125.0,76.0,16.0,183.0,16.0,27.0,18.0,89.0,51.0,66.0,290.0,191.0,110.0,56.0,203.0,12.0,97.0,10.0,186.0,480.0,32.0,133.0,13.0,96.0,69.0,74.0,
2022-03-27,,83.0,58.0,103.0,472.0,62.0,57.0,15.0,17.0,420.0,132.0,15.0,45.0,20.0,128.0,120.0,47.0,127.0,68.0,91.0,73.0,29.0,160.0,62.0,90.0,72.0,17.0,154.0,13.0,40.0,16.0,86.0,40.0,61.0,305.0,191.0,100.0,51.0,187.0,10.0,74.0,19.0,166.0,405.0,29.0,103.0,10.0,62.0,82.0,72.0,
2022-04-03,,75.0,63.0,102.0,428.0,62.0,43.0,10.0,15.0,349.0,113.0,18.0,41.0,17.0,126.0,100.0,43.0,135.0,50.0,97.0,78.0,28.0,135.0,67.0,90.0,65.0,11.0,146.0,13.0,30.0,26.0,105.0,26.0,48.0,308.0,168.0,89.0,52.0,186.0,16.0,61.0,16.0,109.0,344.0,21.0,86.0,,81.0,61.0,71.0,10.0
2022-04-10,,69.0,56.0,85.0,420.0,67.0,47.0,11.0,21.0,338.0,121.0,,28.0,24.0,135.0,103.0,35.0,122.0,45.0,78.0,75.0,25.0,158.0,64.0,109.0,78.0,16.0,155.0,13.0,28.0,13.0,101.0,42.0,43.0,295.0,159.0,96.0,56.0,197.0,11.0,79.0,18.0,118.0,329.0,26.0,85.0,,81.0,63.0,55.0,
2022-04-17,,74.0,40.0,78.0,388.0,57.0,58.0,,12.0,322.0,115.0,28.0,43.0,17.0,140.0,111.0,25.0,101.0,36.0,86.0,86.0,23.0,134.0,63.0,93.0,71.0,15.0,119.0,18.0,27.0,22.0,118.0,31.0,44.0,304.0,171.0,84.0,54.0,180.0,10.0,75.0,,108.0,327.0,31.0,82.0,11.0,85.0,77.0,63.0,
2022-04-24,12.0,54.0,47.0,88.0,411.0,69.0,62.0,,15.0,310.0,119.0,22.0,40.0,14.0,154.0,118.0,21.0,106.0,51.0,87.0,95.0,28.0,140.0,56.0,81.0,45.0,18.0,153.0,13.0,31.0,16.0,95.0,30.0,63.0,346.0,173.0,56.0,57.0,193.0,17.0,58.0,14.0,125.0,283.0,35.0,93.0,19.0,91.0,57.0,55.0,
2022-05-01,,63.0,44.0,87.0,376.0,64.0,54.0,,14.0,330.0,87.0,19.0,36.0,17.0,142.0,95.0,40.0,104.0,39.0,106.0,81.0,27.0,191.0,67.0,81.0,40.0,18.0,145.0,15.0,19.0,18.0,114.0,34.0,51.0,355.0,163.0,72.0,63.0,185.0,19.0,67.0,,120.0,292.0,22.0,82.0,15.0,81.0,71.0,47.0,
2022-05-08,11.0,65.0,53.0,94.0,422.0,61.0,66.0,13.0,18.0,332.0,117.0,21.0,35.0,11.0,156.0,90.0,39.0,108.0,48.0,128.0,82.0,37.0,192.0,73.0,83.0,50.0,21.0,149.0,11.0,26.0,17.0,122.0,34.0,49.0,432.0,147.0,75.0,65.0,210.0,21.0,85.0,,115.0,279.0,25.0,95.0,16.0,93.0,61.0,50.0,
2022-05-15,,66.0,43.0,105.0,450.0,95.0,77.0,,19.0,375.0,88.0,26.0,48.0,,142.0,123.0,25.0,95.0,47.0,132.0,99.0,40.0,176.0,92.0,109.0,49.0,17.0,154.0,12.0,28.0,30.0,135.0,38.0,53.0,373.0,176.0,71.0,62.0,222.0,11.0,82.0,,111.0,295.0,27.0,93.0,18.0,99.0,95.0,62.0,
2022-05-22,,48.0,42.0,105.0,460.0,72.0,72.0,,16.0,364.0,102.0,27.0,40.0,15.0,160.0,95.0,28.0,115.0,42.0,110.0,92.0,28.0,199.0,99.0,81.0,48.0,17.0,163.0,23.0,30.0,14.0,132.0,35.0,51.0,351.0,169.0,63.0,57.0,212.0,13.0,83.0,10.0,117.0,283.0,22.0,115.0,11.0,125.0,82.0,57.0,
2022-05-29,10.0,69.0,40.0,104.0,456.0,90.0,67.0,10.0,,451.0,97.0,39.0,58.0,13.0,166.0,108.0,34.0,110.0,36.0,122.0,97.0,43.0,163.0,79.0,97.0,61.0,16.0,176.0,15.0,21.0,25.0,114.0,35.0,56.0,340.0,184.0,88.0,77.0,268.0,18.0,73.0,16.0,126.0,294.0,23.0,101.0,12.0,116.0,81.0,49.0,
2022-06-05,,70.0,52.0,102.0,522.0,81.0,59.0,,20.0,471.0,113.0,23.0,49.0,18.0,151.0,104.0,43.0,105.0,41.0,95.0,95.0,24.0,188.0,96.0,79.0,59.0,17.0,188.0,12.0,26.0,20.0,120.0,34.0,65.0,316.0,185.0,76.0,62.0,241.0,20.0,70.0,16.0,136.0,310.0,29.0,113.0,,115.0,73.0,62.0,11.0
2022-06-12,11.0,62.0,43.0,128.0,494.0,83.0,66.0,12.0,19.0,493.0,144.0,30.0,47.0,19.0,194.0,106.0,33.0,128.0,47.0,107.0,83.0,34.0,160.0,75.0,88.0,45.0,,172.0,12.0,19.0,18.0,125.0,42.0,60.0,339.0,175.0,68.0,67.0,230.0,12.0,93.0,15.0,121.0,345.0,37.0,96.0,,121.0,66.0,77.0,
2022-06-19,11.0,64.0,57.0,112.0,498.0,91.0,54.0,,16.0,515.0,127.0,28.0,34.0,22.0,185.0,118.0,40.0,133.0,46.0,89.0,104.0,31.0,150.0,94.0,103.0,66.0,11.0,203.0,18.0,23.0,21.0,95.0,38.0,58.0,311.0,160.0,81.0,76.0,195.0,18.0,83.0,17.0,136.0,327.0,41.0,129.0,,117.0,64.0,45.0,
2022-06-26,10.0,87.0,50.0,116.0,565.0,89.0,58.0,10.0,21.0,451.0,147.0,25.0,55.0,26.0,162.0,119.0,39.0,126.0,52.0,101.0,90.0,26.0,146.0,74.0,96.0,72.0,,181.0,16.0,30.0,17.0,119.0,42.0,63.0,290.0,157.0,84.0,57.0,200.0,13.0,98.0,11.0,146.0,367.0,31.0,98.0,,117.0,63.0,64.0,
2022-07-03,,79.0,61.0,96.0,581.0,55.0,59.0,10.0,15.0,564.0,158.0,36.0,50.0,26.0,155.0,98.0,47.0,117.0,83.0,83.0,73.0,31.0,163.0,87.0,97.0,82.0,15.0,186.0,,43.0,16.0,116.0,37.0,69.0,293.0,173.0,75.0,80.0,197.0,,83.0,19.0,145.0,408.0,38.0,102.0,14.0,117.0,70.0,67.0,
2022-07-10,11.0,97.0,72.0,100.0,583.0,64.0,55.0,12.0,18.0,531.0,154.0,25.0,68.0,28.0,183.0,112.0,46.0,137.0,72.0,80.0,97.0,20.0,172.0,77.0,115.0,93.0,25.0,183.0,,21.0,14.0,128.0,32.0,63.0,321.0,196.0,88.0,76.0,200.0,16.0,91.0,14.0,180.0,461.0,32.0,117.0,,125.0,84.0,67.0,
2022-07-17,,116.0,67.0,113.0,658.0,91.0,44.0,12.0,27.0,584.0,188.0,24.0,53.0,24.0,193.0,142.0,39.0,146.0,79.0,101.0,89.0,17.0,131.0,85.0,132.0,103.0,29.0,205.0,14.0,26.0,25.0,132.0,52.0,79.0,338.0,201.0,91.0,94.0,214.0,16.0,93.0,20.0,187.0,454.0,29.0,134.0,,149.0,87.0,52.0,15.0
2022-07-24,10.0,104.0,67.0,117.0,696.0,86.0,49.0,,23.0,579.0,183.0,25.0,58.0,28.0,184.0,130.0,44.0,135.0,102.0,86.0,99.0,25.0,158.0,80.0,134.0,99.0,19.0,218.0,15.0,32.0,13.0,129.0,39.0,63.0,372.0,228.0,100.0,71.0,191.0,16.0,110.0,16.0,166.0,539.0,43.0,114.0,,117.0,77.0,64.0,
2022-07-31,,114.0,69.0,113.0,710.0,68.0,59.0,,22.0,581.0,203.0,35.0,51.0,28.0,198.0,142.0,60.0,133.0,91.0,109.0,90.0,24.0,159.0,79.0,124.0,97.0,17.0,217.0,19.0,28.0,14.0,104.0,31.0,66.0,349.0,228.0,91.0,71.0,201.0,12.0,103.0,19.0,199.0,477.0,32.0,136.0,,123.0,85.0,56.0,
2022-08-07,,107.0,69.0,111.0,595.0,67.0,57.0,15.0,16.0,586.0,170.0,19.0,63.0,30.0,153.0,127.0,38.0,154.0,85.0,111.0,113.0,29.0,157.0,82.0,118.0,98.0,17.0,220.0,10.0,29.0,16.0,117.0,42.0,52.0,346.0,253.0,110.0,76.0,242.0,13.0,96.0,22.0,193.0,486.0,27.0,118.0,12.0,128.0,104.0,57.0,
2022-08-14,12.0,105.0,67.0,107.0,571.0,65.0,57.0,10.0,21.0,564.0,203.0,28.0,57.0,32.0,177.0,138.0,47.0,123.0,85.0,103.0,106.0,20.0,155.0,66.0,129.0,68.0,22.0,219.0,15.0,31.0,22.0,126.0,39.0,45.0,345.0,230.0,119.0,51.0,222.0,,127.0,19.0,170.0,459.0,28.0,129.0,,109.0,68.0,74.0,
2022-08-21,11.0,103.0,77.0,85.0,538.0,59.0,60.0,,17.0,517.0,194.0,26.0,54.0,22.0,188.0,131.0,47.0,140.0,75.0,82.0,107.0,28.0,176.0,91.0,125.0,86.0,11.0,227.0,18.0,19.0,,107.0,31.0,61.0,317.0,247.0,109.0,70.0,212.0,16.0,121.0,11.0,178.0,445.0,20.0,125.0,,110.0,91.0,76.0,
2022-08-28,,89.0,69.0,95.0,556.0,71.0,61.0,10.0,17.0,482.0,167.0,30.0,59.0,26.0,178.0,150.0,50.0,134.0,79.0,97.0,101.0,36.0,180.0,81.0,106.0,80.0,18.0,200.0,12.0,29.0,19.0,125.0,26.0,49.0,310.0,208.0,90.0,65.0,215.0,11.0,99.0,16.0,177.0,389.0,37.0,133.0,14.0,95.0,83.0,71.0,
2022-09-04,11.0,105.0,64.0,84.0,545.0,70.0,63.0,13.0,16.0,471.0,155.0,19.0,59.0,17.0,171.0,135.0,41.0,145.0,69.0,102.0,99.0,28.0,176.0,94.0,112.0,76.0,17.0,190.0,11.0,29.0,18.0,122.0,40.0,41.0,337.0,226.0,81.0,40.0,227.0,19.0,117.0,19.0,177.0,425.0,29.0,137.0,,117.0,77.0,67.0,
2022-09-11,,88.0,71.0,108.0,485.0,70.0,63.0,10.0,,452.0,150.0,20.0,59.0,22.0,167.0,120.0,45.0,158.0,57.0,99.0,110.0,27.0,169.0,83.0,115.0,89.0,20.0,183.0,21.0,29.0,23.0,109.0,34.0,45.0,307.0,199.0,107.0,62.0,210.0,,87.0,21.0,174.0,372.0,31.0,126.0,14.0,101.0,69.0,76.0,11.0
2022-09-18,,89.0,62.0,84.0,515.0,94.0,63.0,12.0,27.0,440.0,161.0,22.0,49.0,20.0,165.0,138.0,48.0,133.0,54.0,84.0,86.0,25.0,171.0,80.0,111.0,82.0,12.0,198.0,27.0,29.0,19.0,117.0,34.0,41.0,343.0,235.0,100.0,62.0,202.0,12.0,85.0,25.0,168.0,399.0,14.0,113.0,,111.0,78.0,57.0,
2022-09-25,,79.0,73.0,97.0,473.0,67.0,68.0,,18.0,385.0,133.0,18.0,53.0,19.0,182.0,123.0,43.0,136.0,62.0,110.0,86.0,47.0,187.0,83.0,105.0,63.0,11.0,197.0,12.0,23.0,18.0,148.0,38.0,46.0,337.0,221.0,75.0,61.0,217.0,18.0,100.0,11.0,142.0,369.0,32.0,118.0,10.0,87.0,83.0,59.0,
2022-10-02,10.0,61.0,74.0,72.0,408.0,58.0,70.0,,17.0,392.0,159.0,15.0,59.0,22.0,169.0,113.0,45.0,129.0,57.0,109.0,96.0,34.0,183.0,96.0,101.0,65.0,15.0,201.0,15.0,22.0,17.0,129.0,27.0,40.0,375.0,242.0,89.0,52.0,245.0,,81.0,18.0,159.0,338.0,16.0,104.0,12.0,98.0,75.0,54.0,
2022-10-09,,75.0,55.0,86.0,436.0,64.0,91.0,12.0,17.0,377.0,119.0,28.0,39.0,24.0,163.0,106.0,49.0,125.0,54.0,127.0,100.0,44.0,171.0,94.0,94.0,87.0,16.0,198.0,13.0,33.0,26.0,144.0,34.0,51.0,372.0,202.0,83.0,45.0,237.0,13.0,95.0,10.0,152.0,325.0,28.0,128.0,,96.0,84.0,56.0,
2022-10-16,,89.0,60.0,82.0,423.0,80.0,61.0,,18.0,417.0,140.0,20.0,61.0,32.0,197.0,127.0,54.0,128.0,58.0,131.0,104.0,37.0,219.0,87.0,116.0,64.0,17.0,202.0,13.0,25.0,25.0,140.0,48.0,35.0,404.0,195.0,77.0,73.0,253.0,15.0,80.0,22.0,148.0,347.0,28.0,109.0,15.0,84.0,105.0,69.0,
2022-10-23,,84.0,56.0,97.0,428.0,65.0,77.0,12.0,16.0,380.0,132.0,20.0,57.0,13.0,179.0,124.0,47.0,117.0,55.0,131.0,97.0,46.0,203.0,111.0,101.0,58.0,17.0,191.0,,27.0,30.0,140.0,31.0,55.0,404.0,231.0,77.0,54.0,280.0,17.0,101.0,20.0,149.0,303.0,21.0,116.0,23.0,97.0,93.0,54.0,
2022-10-30,,70.0,56.0,109.0,478.0,82.0,90.0,15.0,16.0,345.0,127.0,23.0,47.0,22.0,186.0,146.0,42.0,122.0,50.0,126.0,90.0,34.0,217.0,111.0,113.0,75.0,15.0,239.0,,35.0,33.0,155.0,38.0,67.0,411.0,220.0,84.0,53.0,268.0,12.0,94.0,21.0,162.0,314.0,23.0,111.0,17.0,95.0,85.0,60.0,11.0
2022-11-06,,76.0,53.0,103.0,515.0,98.0,67.0,10.0,22.0,351.0,130.0,30.0,42.0,24.0,192.0,136.0,39.0,165.0,50.0,114.0,134.0,38.0,221.0,125.0,96.0,72.0,21.0,204.0,13.0,31.0,24.0,167.0,44.0,60.0,397.0,246.0,80.0,54.0,281.0,22.0,84.0,19.0,172.0,325.0,28.0,108.0,13.0,106.0,123.0,64.0,
2022-11-13,,75.0,79.0,129.0,528.0,118.0,57.0,15.0,23.0,381.0,145.0,25.0,59.0,18.0,217.0,118.0,43.0,133.0,51.0,104.0,109.0,27.0,206.0,114.0,116.0,75.0,21.0,203.0,12.0,40.0,29.0,162.0,48.0,64.0,410.0,260.0,72.0,52.0,279.0,15.0,84.0,24.0,180.0,350.0,45.0,119.0,,116.0,99.0,66.0,10.0
2022-11-20,,89.0,72.0,158.0,697.0,125.0,82.0,14.0,16.0,397.0,145.0,24.0,54.0,28.0,207.0,126.0,57.0,154.0,60.0,128.0,101.0,21.0,215.0,108.0,126.0,90.0,20.0,233.0,13.0,38.0,26.0,167.0,61.0,83.0,459.0,260.0,101.0,93.0,256.0,19.0,107.0,18.0,174.0,435.0,37.0,134.0,10.0,122.0,105.0,83.0,21.0
2022-11-27,,96.0,91.0,221.0,821.0,117.0,79.0,15.0,22.0,412.0,146.0,25.0,75.0,32.0,247.0,147.0,74.0,208.0,69.0,139.0,109.0,51.0,211.0,131.0,141.0,83.0,18.0,233.0,13.0,47.0,28.0,156.0,71.0,89.0,505.0,289.0,130.0,87.0,312.0,19.0,101.0,28.0,222.0,506.0,52.0,111.0,16.0,166.0,124.0,73.0,12.0
2022-12-04,12.0,120.0,107.0,243.0,938.0,123.0,100.0,18.0,24.0,444.0,187.0,21.0,97.0,34.0,266.0,212.0,82.0,212.0,71.0,153.0,139.0,38.0,225.0,145.0,178.0,91.0,25.0,236.0,20.0,57.0,23.0,192.0,73.0,119.0,518.0,327.0,122.0,129.0,307.0,25.0,122.0,23.0,203.0,522.0,51.0,159.0,15.0,185.0,121.0,72.0,
2022-12-11,,117.0,86.0,226.0,901.0,113.0,108.0,,26.0,472.0,167.0,20.0,91.0,43.0,312.0,212.0,85.0,204.0,83.0,172.0,135.0,35.0,237.0,128.0,210.0,92.0,16.0,234.0,20.0,40.0,27.0,192.0,84.0,95.0,571.0,330.0,127.0,133.0,344.0,28.0,101.0,33.0,211.0,489.0,50.0,158.0,16.0,209.0,136.0,89.0,10.0
2022-12-18,12.0,104.0,92.0,198.0,936.0,116.0,121.0,20.0,34.0,447.0,177.0,31.0,101.0,35.0,283.0,234.0,65.0,194.0,76.0,177.0,127.0,56.0,256.0,105.0,166.0,78.0,21.0,252.0,22.0,54.0,29.0,186.0,66.0,86.0,620.0,369.0,163.0,104.0,319.0,21.0,113.0,22.0,181.0,515.0,56.0,156.0,17.0,186.0,146.0,86.0,16.0
2022-12-25,,101.0,103.0,185.0,927.0,116.0,126.0,18.0,31.0,542.0,196.0,29.0,129.0,37.0,302.0,244.0,80.0,182.0,73.0,195.0,175.0,44.0,294.0,116.0,198.0,93.0,32.0,323.0,18.0,62.0,36.0,228.0,71.0,81.0,630.0,327.0,166.0,129.0,391.0,25.0,159.0,21.0,209.0,586.0,60.0,192.0,18.0,200.0,146.0,94.0,13.0
2023-01-01,11.0,124.0,98.0,186.0,877.0,132.0,106.0,14.0,21.0,574.0,249.0,26.0,84.0,34.0,279.0,218.0,93.0,190.0,67.0,197.0,157.0,47.0,284.0,142.0,168.0,109.0,38.0,365.0,20.0,55.0,45.0,198.0,64.0,82.0,627.0,357.0,163.0,89.0,434.0,25.0,164.0,24.0,249.0,616.0,46.0,196.0,18.0,177.0,160.0,86.0,15.0
2023-01-08,,123.0,102.0,161.0,827.0,118.0,93.0,17.0,22.0,558.0,231.0,37.0,72.0,36.0,255.0,140.0,64.0,199.0,106.0,203.0,152.0,47.0,265.0,116.0,130.0,86.0,23.0,310.0,15.0,40.0,37.0,199.0,57.0,72.0,593.0,322.0,152.0,92.0,344.0,27.0,163.0,15.0,227.0,595.0,52.0,190.0,18.0,167.0,108.0,83.0,
2023-01-15,,130.0,96.0,127.0,692.0,91.0,90.0,14.0,29.0,627.0,207.0,29.0,61.0,26.0,216.0,154.0,56.0,156.0,88.0,196.0,142.0,37.0,223.0,120.0,136.0,109.0,20.0,288.0,28.0,42.0,31.0,172.0,45.0,82.0,467.0,279.0,143.0,84.0,340.0,25.0,146.0,10.0,215.0,552.0,43.0,183.0,19.0,117.0,113.0,71.0,
2023-01-22,,116.0,72.0,116.0,646.0,76.0,97.0,,29.0,522.0,197.0,29.0,61.0,26.0,205.0,126.0,62.0,154.0,75.0,164.0,121.0,45.0,212.0,87.0,135.0,77.0,19.0,256.0,19.0,39.0,35.0,181.0,49.0,52.0,471.0,258.0,99.0,65.0,298.0,24.0,140.0,16.0,218.0,512.0,36.0,152.0,10.0,115.0,88.0,75.0,11.0
2023-01-29,,108.0,77.0,117.0,631.0,73.0,85.0,10.0,24.0,515.0,182.0,24.0,60.0,20.0,196.0,123.0,33.0,147.0,67.0,133.0,137.0,41.0,191.0,92.0,110.0,86.0,17.0,233.0,,29.0,27.0,144.0,33.0,56.0,408.0,235.0,96.0,62.0,293.0,12.0,129.0,23.0,201.0,484.0,29.0,169.0,17.0,122.0,94.0,89.0,12.0
2023-02-05,12.0,96.0,67.0,78.0,588.0,69.0,84.0,10.0,29.0,484.0,177.0,26.0,54.0,23.0,153.0,112.0,50.0,152.0,75.0,139.0,102.0,33.0,166.0,83.0,142.0,66.0,13.0,240.0,18.0,44.0,25.0,159.0,36.0,53.0,396.0,223.0,111.0,59.0,256.0,22.0,111.0,18.0,176.0,452.0,19.0,126.0,15.0,129.0,98.0,65.0,
2023-02-12,,100.0,60.0,96.0,595.0,55.0,75.0,,23.0,451.0,139.0,17.0,69.0,13.0,163.0,129.0,49.0,142.0,64.0,123.0,110.0,31.0,169.0,92.0,99.0,68.0,11.0,189.0,16.0,24.0,33.0,140.0,36.0,45.0,366.0,171.0,99.0,64.0,237.0,11.0,107.0,19.0,172.0,434.0,23.0,138.0,18.0,109.0,73.0,64.0,12.0
2023-02-19,10.0,101.0,60.0,100.0,615.0,70.0,64.0,12.0,15.0,420.0,160.0,20.0,51.0,14.0,156.0,116.0,53.0,129.0,59.0,131.0,107.0,36.0,173.0,97.0,111.0,75.0,22.0,205.0,19.0,37.0,19.0,139.0,43.0,44.0,351.0,194.0,108.0,63.0,227.0,19.0,107.0,19.0,153.0,411.0,23.0,122.0,,105.0,90.0,58.0,14.0
2023-02-26,,88.0,62.0,119.0,615.0,70.0,59.0,,16.0,377.0,115.0,28.0,56.0,23.0,173.0,118.0,52.0,134.0,60.0,118.0,111.0,23.0,174.0,123.0,105.0,69.0,16.0,177.0,12.0,27.0,22.0,116.0,35.0,48.0,338.0,196.0,106.0,79.0,229.0,14.0,76.0,19.0,149.0,388.0,29.0,101.0,11.0,109.0,90.0,52.0,11.0
2023-03-05,,88.0,60.0,114.0,595.0,61.0,65.0,11.0,24.0,393.0,118.0,24.0,55.0,21.0,167.0,115.0,52.0,113.0,55.0,102.0,98.0,22.0,170.0,90.0,106.0,60.0,17.0,186.0,12.0,38.0,22.0,111.0,35.0,50.0,318.0,194.0,99.0,62.0,225.0,,82.0,22.0,140.0,393.0,34.0,111.0,13.0,91.0,81.0,41.0,12.0
2023-03-12,,69.0,53.0,110.0,526.0,62.0,66.0,,14.0,360.0,121.0,18.0,52.0,35.0,161.0,135.0,62.0,107.0,53.0,105.0,86.0,34.0,176.0,102.0,113.0,47.0,23.0,193.0,18.0,30.0,23.0,132.0,36.0,53.0,327.0,180.0,88.0,72.0,237.0,16.0,82.0,18.0,135.0,359.0,30.0,86.0,15.0,91.0,82.0,66.0,
2023-03-19,,90.0,51.0,98.0,514.0,62.0,65.0,10.0,22.0,382.0,133.0,16.0,60.0,24.0,166.0,121.0,56.0,132.0,54.0,100.0,79.0,40.0,175.0,79.0,118.0,59.0,17.0,185.0,13.0,46.0,18.0,96.0,41.0,44.0,284.0,191.0,92.0,66.0,212.0,15.0,90.0,16.0,158.0,339.0,35.0,106.0,,107.0,91.0,56.0,
2023-03-26,,72.0,51.0,107.0,455.0,58.0,43.0,14.0,12.0,330.0,114.0,27.0,36.0,17.0,163.0,109.0,41.0,122.0,48.0,88.0,98.0,34.0,166.0,82.0,106.0,59.0,11.0,141.0,17.0,26.0,17.0,94.0,36.0,61.0,304.0,210.0,100.0,76.0,225.0,14.0,74.0,13.0,114.0,301.0,27.0,78.0,14.0,93.0,72.0,72.0,
2023-04-02,,80.0,54.0,103.0,497.0,77.0,59.0,,13.0,339.0,105.0,16.0,58.0,21.0,162.0,104.0,44.0,89.0,50.0,81.0,84.0,26.0,159.0,81.0,97.0,63.0,18.0,154.0,20.0,37.0,16.0,106.0,38.0,33.0,284.0,181.0,69.0,58.0,207.0,,62.0,22.0,134.0,326.0,20.0,91.0,,113.0,83.0,46.0,
2023-04-09,,67.0,48.0,96.0,458.0,68.0,40.0,,11.0,354.0,96.0,32.0,56.0,19.0,154.0,99.0,35.0,93.0,51.0,94.0,72.0,24.0,145.0,88.0,101.0,57.0,13.0,142.0,,34.0,15.0,101.0,41.0,43.0,287.0,171.0,90.0,50.0,197.0,15.0,63.0,15.0,126.0,299.0,26.0,88.0,25.0,86.0,77.0,37.0,
2023-04-16,,69.0,50.0,120.0,485.0,51.0,58.0,,23.0,338.0,110.0,27.0,51.0,27.0,141.0,125.0,46.0,98.0,46.0,87.0,69.0,26.0,152.0,71.0,89.0,49.0,14.0,160.0,10.0,41.0,22.0,88.0,35.0,51.0,266.0,165.0,73.0,57.0,177.0,16.0,77.0,25.0,141.0,330.0,27.0,93.0,10.0,110.0,57.0,48.0,
2023-04-23,,66.0,60.0,108.0,443.0,65.0,38.0,,18.0,349.0,95.0,22.0,38.0,17.0,136.0,100.0,35.0,103.0,55.0,75.0,70.0,20.0,144.0,69.0,85.0,45.0,17.0,143.0,11.0,46.0,22.0,91.0,42.0,51.0,262.0,177.0,74.0,44.0,167.0,,66.0,10.0,115.0,283.0,27.0,80.0,,83.0,58.0,51.0,
2023-04-30,,75.0,48.0,109.0,379.0,60.0,43.0,,11.0,303.0,116.0,20.0,38.0,14.0,110.0,83.0,42.0,94.0,47.0,90.0,77.0,29.0,148.0,75.0,81.0,54.0,22.0,145.0,18.0,25.0,26.0,73.0,29.0,53.0,259.0,132.0,80.0,48.0,154.0,14.0,72.0,,106.0,295.0,22.0,71.0,,87.0,51.0,42.0,
2023-05-07,,75.0,45.0,98.0,453.0,50.0,37.0,,11.0,310.0,107.0,25.0,36.0,20.0,119.0,94.0,23.0,92.0,38.0,73.0,65.0,22.0,130.0,63.0,85.0,44.0,20.0,139.0,,29.0,11.0,86.0,28.0,53.0,258.0,132.0,72.0,42.0,138.0,,70.0,13.0,131.0,285.0,21.0,78.0,,72.0,69.0,46.0,
2023-05-14,,60.0,53.0,79.0,368.0,54.0,43.0,,15.0,301.0,104.0,12.0,34.0,,121.0,92.0,23.0,72.0,33.0,71.0,64.0,29.0,117.0,76.0,91.0,46.0,13.0,137.0,16.0,37.0,17.0,98.0,29.0,43.0,228.0,152.0,68.0,37.0,142.0,10.0,63.0,12.0,105.0,281.0,13.0,63.0,,84.0,56.0,43.0,
2023-05-21,,64.0,42.0,96.0,416.0,28.0,40.0,,16.0,310.0,110.0,16.0,34.0,12.0,117.0,85.0,38.0,79.0,47.0,74.0,73.0,20.0,125.0,55.0,88.0,51.0,14.0,124.0,,20.0,17.0,79.0,35.0,50.0,241.0,146.0,56.0,39.0,132.0,13.0,62.0,22.0,110.0,257.0,20.0,79.0,,82.0,52.0,42.0,
2023-05-28,,46.0,35.0,61.0,418.0,43.0,47.0,,,308.0,98.0,16.0,35.0,13.0,109.0,76.0,39.0,86.0,40.0,67.0,48.0,25.0,111.0,51.0,82.0,61.0,11.0,142.0,,26.0,19.0,75.0,29.0,45.0,255.0,156.0,59.0,47.0,144.0,10.0,53.0,10.0,98.0,283.0,20.0,71.0,,65.0,57.0,46.0,
2023-06-04,0.0,60.0,33.0,75.0,412.0,56.0,46.0,,,296.0,87.0,20.0,34.0,11.0,124.0,99.0,23.0,86.0,42.0,65.0,74.0,22.0,104.0,51.0,81.0,41.0,12.0,116.0,,33.0,15.0,72.0,35.0,38.0,223.0,119.0,72.0,33.0,150.0,,68.0,10.0,119.0,275.0,26.0,80.0,,64.0,52.0,36.0,0.0
2023-06-11,,59.0,40.0,73.0,380.0,37.0,26.0,,12.0,334.0,75.0,19.0,32.0,10.0,89.0,81.0,24.0,81.0,23.0,78.0,65.0,20.0,108.0,42.0,87.0,48.0,,114.0,,20.0,15.0,64.0,20.0,37.0,222.0,133.0,50.0,43.0,117.0,,61.0,11.0,85.0,250.0,19.0,68.0,,67.0,55.0,42.0,
2023-06-18,,51.0,48.0,74.0,399.0,53.0,34.0,,14.0,321.0,92.0,21.0,34.0,13.0,121.0,85.0,33.0,70.0,31.0,77.0,57.0,14.0,118.0,47.0,68.0,56.0,10.0,119.0,12.0,27.0,,72.0,24.0,41.0,213.0,121.0,52.0,37.0,126.0,,60.0,10.0,117.0,252.0,19.0,72.0,13.0,71.0,41.0,39.0,
2023-06-25,,59.0,43.0,66.0,396.0,46.0,52.0,,,262.0,89.0,17.0,29.0,14.0,87.0,76.0,31.0,72.0,31.0,62.0,57.0,20.0,84.0,55.0,56.0,43.0,10.0,124.0,13.0,15.0,14.0,84.0,20.0,35.0,231.0,110.0,38.0,37.0,132.0,13.0,67.0,,82.0,245.0,13.0,64.0,,55.0,44.0,34.0,
2023-07-02,,55.0,38.0,84.0,369.0,41.0,34.0,,,316.0,89.0,23.0,22.0,19.0,99.0,62.0,31.0,84.0,40.0,67.0,67.0,16.0,97.0,48.0,59.0,37.0,,118.0,,16.0,14.0,66.0,27.0,36.0,231.0,106.0,59.0,34.0,122.0,,62.0,14.0,83.0,230.0,23.0,58.0,,62.0,37.0,34.0,
2023-07-09,,49.0,59.0,64.0,366.0,36.0,44.0,,12.0,281.0,82.0,25.0,26.0,13.0,95.0,68.0,21.0,68.0,31.0,56.0,57.0,23.0,98.0,59.0,60.0,38.0,,134.0,,22.0,,79.0,22.0,32.0,200.0,101.0,65.0,33.0,121.0,,58.0,12.0,91.0,250.0,20.0,57.0,,71.0,49.0,28.0,
2023-07-16,,42.0,33.0,64.0,363.0,34.0,44.0,,12.0,273.0,82.0,18.0,16.0,14.0,104.0,71.0,18.0,65.0,39.0,56.0,46.0,15.0,92.0,49.0,83.0,42.0,,134.0,11.0,23.0,,78.0,18.0,31.0,205.0,105.0,43.0,46.0,107.0,14.0,56.0,17.0,90.0,255.0,18.0,66.0,,71.0,38.0,30.0,
2023-07-23,,55.0,42.0,68.0,383.0,38.0,30.0,,12.0,306.0,87.0,22.0,31.0,14.0,105.0,76.0,26.0,83.0,28.0,56.0,66.0,13.0,73.0,46.0,65.0,44.0,,119.0,,24.0,13.0,58.0,21.0,36.0,202.0,103.0,51.0,30.0,129.0,,53.0,15.0,102.0,242.0,15.0,55.0,,50.0,50.0,20.0,
2023-07-30,10.0,71.0,39.0,65.0,358.0,44.0,44.0,,,381.0,87.0,26.0,29.0,18.0,95.0,91.0,27.0,77.0,35.0,59.0,51.0,16.0,102.0,54.0,52.0,50.0,11.0,108.0,13.0,14.0,11.0,71.0,17.0,34.0,200.0,125.0,41.0,24.0,133.0,,71.0,10.0,104.0,257.0,15.0,60.0,10.0,66.0,44.0,34.0,
2023-08-06,,67.0,42.0,62.0,350.0,50.0,39.0,,18.0,328.0,113.0,16.0,31.0,,106.0,83.0,29.0,69.0,37.0,66.0,63.0,27.0,84.0,49.0,62.0,43.0,13.0,136.0,,16.0,21.0,77.0,19.0,31.0,237.0,116.0,56.0,37.0,131.0,13.0,53.0,,120.0,266.0,15.0,74.0,,58.0,52.0,47.0,
2023-08-13,,56.0,52.0,50.0,410.0,49.0,41.0,11.0,,380.0,95.0,18.0,37.0,13.0,120.0,91.0,30.0,69.0,45.0,73.0,81.0,18.0,106.0,53.0,65.0,44.0,10.0,151.0,16.0,16.0,13.0,80.0,23.0,29.0,241.0,96.0,59.0,37.0,127.0,,58.0,12.0,110.0,297.0,23.0,58.0,,65.0,47.0,32.0,
2023-08-20,,64.0,50.0,74.0,391.0,52.0,52.0,,14.0,388.0,101.0,26.0,30.0,13.0,112.0,106.0,32.0,77.0,47.0,82.0,63.0,26.0,112.0,58.0,81.0,46.0,11.0,146.0,12.0,17.0,17.0,86.0,25.0,43.0,236.0,102.0,71.0,39.0,142.0,,62.0,14.0,134.0,268.0,26.0,71.0,11.0,70.0,39.0,40.0,
2023-08-27,,72.0,51.0,60.0,430.0,43.0,53.0,,15.0,370.0,113.0,24.0,37.0,,125.0,89.0,35.0,69.0,45.0,77.0,59.0,11.0,99.0,61.0,74.0,61.0,12.0,146.0,,21.0,15.0,74.0,25.0,36.0,246.0,135.0,72.0,30.0,162.0,10.0,81.0,17.0,130.0,283.0,13.0,89.0,15.0,86.0,53.0,25.0,
2023-09-03,,67.0,58.0,82.0,419.0,52.0,59.0,10.0,19.0,388.0,121.0,22.0,34.0,10.0,99.0,105.0,10.0,91.0,52.0,106.0,64.0,29.0,90.0,69.0,80.0,49.0,,174.0,12.0,25.0,17.0,83.0,29.0,37.0,262.0,157.0,64.0,41.0,159.0,12.0,85.0,15.0,142.0,320.0,31.0,83.0,,94.0,49.0,44.0,13.0
2023-09-10,,79.0,50.0,71.0,432.0,53.0,58.0,,18.0,405.0,128.0,18.0,35.0,19.0,127.0,120.0,34.0,107.0,42.0,98.0,80.0,26.0,130.0,70.0,80.0,51.0,13.0,144.0,,25.0,11.0,111.0,28.0,50.0,252.0,185.0,68.0,46.0,171.0,10.0,82.0,10.0,137.0,306.0,21.0,95.0,,91.0,39.0,49.0,10.0
2023-09-17,10.0,67.0,52.0,72.0,458.0,58.0,41.0,10.0,20.0,365.0,104.0,14.0,30.0,13.0,141.0,82.0,21.0,101.0,59.0,97.0,74.0,23.0,117.0,77.0,69.0,47.0,,161.0,10.0,19.0,12.0,102.0,19.0,32.0,268.0,130.0,76.0,57.0,173.0,15.0,75.0,16.0,149.0,310.0,27.0,95.0,,79.0,65.0,50.0,
2023-09-24,14.0,76.0,42.0,63.0,454.0,53.0,48.0,,15.0,353.0,115.0,21.0,37.0,21.0,137.0,105.0,34.0,104.0,48.0,97.0,79.0,18.0,146.0,49.0,86.0,53.0,22.0,181.0,10.0,26.0,14.0,117.0,24.0,52.0,302.0,167.0,59.0,57.0,171.0,16.0,87.0,15.0,131.0,315.0,26.0,94.0,13.0,90.0,53.0,44.0,
2023-10-01,,61.0,53.0,86.0,422.0,61.0,57.0,11.0,18.0,324.0,117.0,18.0,31.0,15.0,126.0,100.0,27.0,96.0,48.0,103.0,80.0,26.0,107.0,57.0,77.0,71.0,21.0,176.0,16.0,20.0,16.0,88.0,41.0,36.0,316.0,164.0,88.0,56.0,177.0,21.0,68.0,16.0,107.0,297.0,29.0,90.0,10.0,96.0,61.0,37.0,
2023-10-08,,68.0,40.0,91.0,386.0,71.0,50.0,11.0,21.0,355.0,88.0,15.0,40.0,21.0,115.0,88.0,27.0,111.0,46.0,96.0,101.0,27.0,125.0,88.0,76.0,61.0,18.0,156.0,11.0,23.0,10.0,107.0,30.0,31.0,332.0,161.0,66.0,54.0,210.0,11.0,72.0,14.0,112.0,317.0,31.0,83.0,11.0,90.0,57.0,46.0,
2023-10-15,,58.0,43.0,88.0,410.0,72.0,64.0,,,325.0,101.0,15.0,61.0,26.0,120.0,102.0,28.0,89.0,33.0,103.0,95.0,25.0,134.0,81.0,78.0,44.0,12.0,159.0,10.0,25.0,18.0,118.0,37.0,39.0,284.0,156.0,77.0,57.0,219.0,15.0,72.0,16.0,124.0,326.0,21.0,109.0,12.0,102.0,57.0,52.0,
2023-10-22,,51.0,49.0,87.0,446.0,76.0,64.0,,14.0,312.0,115.0,20.0,44.0,25.0,142.0,99.0,53.0,99.0,45.0,95.0,79.0,28.0,115.0,71.0,92.0,60.0,14.0,163.0,12.0,28.0,16.0,119.0,40.0,36.0,305.0,147.0,69.0,55.0,226.0,11.0,62.0,16.0,114.0,326.0,26.0,93.0,15.0,86.0,64.0,38.0,11.0
2023-10-29,13.0,69.0,49.0,82.0,398.0,83.0,58.0,14.0,16.0,314.0,94.0,16.0,41.0,21.0,140.0,111.0,40.0,82.0,53.0,84.0,78.0,29.0,126.0,65.0,98.0,66.0,15.0,139.0,12.0,23.0,13.0,89.0,26.0,33.0,254.0,179.0,74.0,55.0,199.0,14.0,62.0,19.0,129.0,312.0,30.0,100.0,,100.0,62.0,41.0,
2023-11-05,,70.0,53.0,85.0,437.0,81.0,63.0,,20.0,370.0,121.0,18.0,47.0,23.0,179.0,128.0,29.0,89.0,40.0,95.0,98.0,24.0,157.0,84.0,96.0,52.0,18.0,185.0,11.0,29.0,20.0,96.0,22.0,36.0,279.0,178.0,78.0,43.0,215.0,12.0,95.0,23.0,151.0,329.0,28.0,102.0,,80.0,88.0,45.0,12.0
2023-11-12,12.0,83.0,48.0,99.0,486.0,72.0,58.0,,21.0,342.0,100.0,15.0,45.0,16.0,160.0,120.0,36.0,95.0,54.0,87.0,101.0,26.0,120.0,88.0,90.0,50.0,17.0,168.0,15.0,27.0,16.0,103.0,34.0,53.0,270.0,189.0,111.0,58.0,234.0,17.0,82.0,18.0,124.0,336.0,27.0,95.0,12.0,91.0,62.0,46.0,11.0
2023-11-19,,58.0,50.0,96.0,515.0,83.0,69.0,,18.0,302.0,106.0,17.0,49.0,15.0,181.0,109.0,32.0,104.0,43.0,89.0,111.0,29.0,143.0,95.0,96.0,58.0,20.0,163.0,15.0,36.0,17.0,100.0,39.0,57.0,279.0,195.0,88.0,51.0,218.0,14.0,70.0,24.0,129.0,330.0,41.0,93.0,,82.0,79.0,54.0,11.0
2023-11-26,,83.0,63.0,114.0,578.0,89.0,61.0,,22.0,357.0,114.0,21.0,46.0,14.0,205.0,123.0,48.0,118.0,53.0,113.0,110.0,33.0,168.0,111.0,115.0,52.0,17.0,194.0,19.0,33.0,22.0,133.0,48.0,55.0,343.0,212.0,89.0,59.0,245.0,15.0,97.0,21.0,155.0,364.0,36.0,140.0,13.0,101.0,80.0,53.0,
2023-12-03,,84.0,60.0,115.0,581.0,85.0,70.0,13.0,29.0,376.0,110.0,16.0,69.0,22.0,177.0,158.0,47.0,147.0,69.0,121.0,117.0,30.0,198.0,94.0,142.0,76.0,16.0,202.0,16.0,44.0,19.0,121.0,35.0,48.0,345.0,223.0,94.0,62.0,234.0,18.0,89.0,22.0,157.0,382.0,27.0,145.0,,114.0,110.0,46.0,10.0
2023-12-10,,96.0,68.0,124.0,601.0,75.0,68.0,,19.0,372.0,125.0,16.0,70.0,25.0,222.0,161.0,40.0,128.0,63.0,130.0,114.0,31.0,173.0,115.0,125.0,59.0,21.0,216.0,16.0,27.0,18.0,113.0,57.0,45.0,377.0,229.0,99.0,62.0,248.0,20.0,101.0,22.0,169.0,350.0,31.0,144.0,,101.0,93.0,49.0,
2023-12-17,,96.0,70.0,132.0,707.0,77.0,83.0,14.0,23.0,364.0,135.0,14.0,66.0,22.0,207.0,149.0,52.0,148.0,65.0,114.0,102.0,45.0,204.0,94.0,98.0,72.0,15.0,226.0,,42.0,23.0,149.0,44.0,72.0,372.0,247.0,108.0,70.0,270.0,17.0,130.0,15.0,184.0,413.0,41.0,140.0,10.0,114.0,84.0,56.0,
2023-12-24,,124.0,69.0,110.0,687.0,77.0,88.0,12.0,29.0,408.0,207.0,14.0,71.0,26.0,200.0,167.0,54.0,162.0,81.0,160.0,114.0,39.0,220.0,105.0,151.0,93.0,34.0,289.0,14.0,37.0,31.0,191.0,50.0,69.0,458.0,272.0,113.0,70.0,288.0,23.0,122.0,21.0,222.0,464.0,42.0,180.0,18.0,109.0,108.0,67.0,10.0
2023-12-31,,134.0,87.0,158.0,795.0,86.0,86.0,12.0,27.0,512.0,224.0,28.0,79.0,31.0,226.0,204.0,76.0,175.0,86.0,161.0,145.0,43.0,224.0,115.0,152.0,97.0,35.0,335.0,17.0,40.0,40.0,176.0,50.0,65.0,525.0,317.0,153.0,61.0,311.0,24.0,155.0,20.0,249.0,493.0,49.0,205.0,18.0,129.0,110.0,72.0,15.0
2024-01-07,11.0,131.0,95.0,155.0,744.0,99.0,110.0,12.0,34.0,545.0,218.0,27.0,87.0,26.0,248.0,192.0,54.0,167.0,87.0,168.0,141.0,28.0,233.0,116.0,149.0,98.0,29.0,317.0,19.0,42.0,30.0,210.0,54.0,75.0,506.0,294.0,121.0,63.0,365.0,30.0,144.0,18.0,235.0,540.0,61.0,198.0,21.0,110.0,126.0,79.0,16.0
2024-01-14,12.0,118.0,81.0,146.0,686.0,84.0,98.0,,33.0,496.0,236.0,28.0,79.0,30.0,227.0,158.0,52.0,151.0,96.0,143.0,133.0,39.0,216.0,91.0,156.0,91.0,37.0,276.0,15.0,34.0,36.0,185.0,39.0,82.0,500.0,270.0,114.0,66.0,303.0,27.0,127.0,13.0,232.0,505.0,40.0,159.0,19.0,131.0,133.0,67.0,10.0
2024-01-21,,125.0,105.0,159.0,629.0,72.0,94.0,14.0,33.0,445.0,209.0,21.0,70.0,27.0,202.0,166.0,50.0,160.0,90.0,149.0,129.0,34.0,216.0,94.0,125.0,97.0,18.0,267.0,14.0,42.0,34.0,183.0,44.0,76.0,435.0,255.0,129.0,61.0,292.0,17.0,128.0,24.0,207.0,531.0,51.0,159.0,13.0,110.0,105.0,70.0,16.0
2024-01-28,,106.0,74.0,125.0,583.0,75.0,81.0,17.0,26.0,448.0,154.0,31.0,40.0,22.0,183.0,120.0,51.0,137.0,75.0,144.0,125.0,32.0,174.0,87.0,101.0,96.0,25.0,175.0,10.0,35.0,22.0,140.0,31.0,68.0,400.0,189.0,111.0,50.0,286.0,22.0,90.0,19.0,178.0,447.0,27.0,117.0,,115.0,81.0,52.0,15.0
2024-02-04,,85.0,87.0,111.0,516.0,72.0,64.0,20.0,22.0,480.0,148.0,24.0,44.0,29.0,162.0,135.0,41.0,149.0,63.0,130.0,106.0,38.0,136.0,82.0,128.0,70.0,12.0,226.0,15.0,27.0,31.0,145.0,31.0,48.0,352.0,215.0,140.0,48.0,226.0,26.0,107.0,20.0,149.0,428.0,17.0,144.0,12.0,100.0,87.0,47.0,
2024-02-11,11.0,90.0,71.0,92.0,516.0,63.0,69.0,,13.0,452.0,142.0,19.0,58.0,16.0,159.0,116.0,53.0,141.0,67.0,123.0,99.0,24.0,154.0,72.0,95.0,59.0,14.0,196.0,11.0,18.0,19.0,114.0,36.0,49.0,359.0,191.0,119.0,58.0,211.0,19.0,95.0,22.0,148.0,413.0,23.0,115.0,15.0,114.0,88.0,42.0,
2024-02-18,,87.0,61.0,98.0,510.0,50.0,63.0,,18.0,435.0,148.0,16.0,51.0,17.0,175.0,126.0,38.0,131.0,61.0,107.0,95.0,38.0,155.0,81.0,98.0,62.0,19.0,211.0,,30.0,18.0,123.0,34.0,41.0,330.0,210.0,103.0,47.0,189.0,13.0,82.0,22.0,143.0,413.0,28.0,109.0,11.0,106.0,81.0,45.0,
2024-02-25,10.0,84.0,55.0,82.0,459.0,49.0,69.0,,25.0,410.0,138.0,22.0,48.0,18.0,163.0,110.0,37.0,106.0,46.0,103.0,102.0,32.0,166.0,82.0,115.0,70.0,11.0,224.0,12.0,37.0,15.0,130.0,42.0,58.0,369.0,209.0,101.0,50.0,232.0,20.0,101.0,15.0,161.0,407.0,36.0,105.0,11.0,82.0,91.0,54.0,
2024-03-03,,90.0,52.0,74.0,440.0,46.0,74.0,17.0,15.0,395.0,143.0,15.0,50.0,23.0,141.0,140.0,40.0,112.0,57.0,100.0,95.0,31.0,177.0,81.0,87.0,65.0,12.0,193.0,11.0,39.0,28.0,134.0,24.0,39.0,315.0,193.0,97.0,32.0,204.0,15.0,85.0,23.0,150.0,354.0,31.0,111.0,14.0,88.0,75.0,60.0,
2024-03-10,,73.0,73.0,102.0,444.0,45.0,61.0,14.0,16.0,349.0,147.0,16.0,38.0,16.0,165.0,106.0,46.0,87.0,47.0,104.0,92.0,27.0,164.0,78.0,78.0,58.0,25.0,196.0,12.0,35.0,10.0,94.0,39.0,33.0,308.0,181.0,88.0,57.0,218.0,13.0,61.0,16.0,149.0,318.0,23.0,91.0,,89.0,68.0,44.0,
2024-03-17,,60.0,52.0,85.0,459.0,48.0,55.0,10.0,22.0,375.0,125.0,11.0,42.0,18.0,138.0,105.0,40.0,88.0,37.0,85.0,80.0,27.0,152.0,60.0,82.0,46.0,12.0,178.0,13.0,32.0,24.0,110.0,32.0,38.0,265.0,170.0,91.0,46.0,184.0,14.0,79.0,13.0,122.0,325.0,18.0,93.0,13.0,93.0,70.0,48.0,
2024-03-24,,72.0,47.0,96.0,432.0,55.0,55.0,,15.0,337.0,120.0,27.0,35.0,14.0,148.0,111.0,33.0,107.0,54.0,85.0,95.0,30.0,123.0,59.0,88.0,47.0,13.0,160.0,10.0,34.0,17.0,87.0,40.0,55.0,275.0,159.0,81.0,49.0,188.0,11.0,83.0,16.0,120.0,321.0,25.0,78.0,14.0,75.0,62.0,45.0,
2024-03-31,,71.0,55.0,78.0,416.0,62.0,75.0,,20.0,298.0,109.0,17.0,29.0,11.0,167.0,97.0,34.0,86.0,58.0,85.0,77.0,23.0,131.0,61.0,72.0,52.0,11.0,171.0,13.0,24.0,10.0,92.0,32.0,45.0,256.0,159.0,92.0,37.0,177.0,13.0,62.0,16.0,124.0,339.0,29.0,65.0,,80.0,63.0,45.0,
2024-04-07,,80.0,51.0,75.0,442.0,49.0,61.0,,16.0,365.0,124.0,21.0,45.0,14.0,129.0,109.0,31.0,99.0,40.0,85.0,68.0,12.0,137.0,75.0,74.0,47.0,19.0,148.0,12.0,30.0,16.0,93.0,33.0,42.0,265.0,166.0,84.0,33.0,158.0,12.0,68.0,,115.0,305.0,28.0,92.0,,79.0,77.0,32.0,
2024-04-14,,53.0,52.0,85.0,409.0,57.0,48.0,,17.0,287.0,97.0,14.0,36.0,13.0,115.0,93.0,25.0,79.0,43.0,73.0,74.0,25.0,105.0,66.0,81.0,53.0,13.0,143.0,10.0,19.0,16.0,80.0,22.0,46.0,261.0,149.0,69.0,38.0,143.0,10.0,69.0,12.0,106.0,277.0,20.0,82.0,,80.0,61.0,38.0,11.0
2024-04-21,,50.0,41.0,76.0,400.0,44.0,42.0,,16.0,292.0,94.0,13.0,34.0,10.0,113.0,89.0,38.0,82.0,40.0,80.0,80.0,21.0,135.0,66.0,86.0,52.0,11.0,132.0,,23.0,,96.0,18.0,30.0,232.0,124.0,75.0,35.0,125.0,11.0,67.0,11.0,120.0,284.0,20.0,72.0,,80.0,54.0,43.0,
2024-04-28,,44.0,40.0,85.0,390.0,41.0,44.0,,18.0,319.0,101.0,14.0,32.0,12.0,104.0,82.0,29.0,96.0,40.0,71.0,65.0,22.0,107.0,47.0,76.0,49.0,11.0,122.0,,23.0,12.0,72.0,23.0,31.0,223.0,119.0,46.0,46.0,145.0,13.0,58.0,17.0,109.0,268.0,33.0,82.0,,64.0,50.0,35.0,
2024-05-05,,53.0,30.0,100.0,396.0,53.0,51.0,,15.0,304.0,87.0,21.0,29.0,14.0,105.0,82.0,23.0,68.0,33.0,72.0,68.0,18.0,98.0,51.0,76.0,42.0,10.0,128.0,11.0,17.0,11.0,78.0,14.0,38.0,219.0,135.0,67.0,53.0,141.0,,47.0,12.0,93.0,243.0,14.0,74.0,11.0,86.0,64.0,43.0,
2024-05-12,,53.0,42.0,76.0,390.0,49.0,47.0,,11.0,272.0,96.0,17.0,23.0,,121.0,82.0,31.0,64.0,36.0,71.0,66.0,12.0,96.0,52.0,65.0,39.0,19.0,132.0,,17.0,13.0,81.0,29.0,32.0,239.0,123.0,55.0,40.0,151.0,,61.0,16.0,108.0,253.0,21.0,67.0,,74.0,44.0,34.0,
2024-05-19,,48.0,55.0,78.0,418.0,45.0,51.0,,,227.0,101.0,20.0,31.0,14.0,101.0,67.0,23.0,67.0,39.0,83.0,57.0,16.0,82.0,56.0,66.0,42.0,19.0,122.0,11.0,24.0,14.0,69.0,20.0,29.0,220.0,110.0,53.0,46.0,149.0,,53.0,,101.0,236.0,28.0,73.0,,55.0,52.0,43.0,
2024-05-26,,46.0,39.0,79.0,370.0,53.0,41.0,,12.0,293.0,92.0,11.0,30.0,19.0,99.0,82.0,21.0,63.0,24.0,64.0,57.0,26.0,84.0,35.0,61.0,51.0,,128.0,,22.0,,81.0,22.0,32.0,229.0,101.0,56.0,37.0,126.0,,48.0,14.0,91.0,267.0,21.0,61.0,,78.0,48.0,39.0,
2024-06-02,,59.0,45.0,66.0,417.0,35.0,30.0,11.0,15.0,275.0,95.0,21.0,36.0,17.0,116.0,81.0,22.0,80.0,30.0,64.0,65.0,24.0,95.0,47.0,70.0,42.0,10.0,103.0,12.0,32.0,,74.0,21.0,26.0,243.0,96.0,64.0,43.0,146.0,,58.0,18.0,98.0,262.0,16.0,64.0,,84.0,48.0,42.0,
2024-06-09,,49.0,49.0,67.0,381.0,41.0,39.0,,16.0,289.0,72.0,18.0,35.0,15.0,104.0,85.0,21.0,64.0,35.0,68.0,58.0,12.0,105.0,53.0,77.0,39.0,,105.0,,16.0,10.0,74.0,26.0,39.0,234.0,107.0,75.0,55.0,116.0,,59.0,13.0,106.0,254.0,18.0,60.0,11.0,62.0,39.0,37.0,
2024-06-16,,50.0,54.0,70.0,413.0,52.0,41.0,,10.0,286.0,93.0,29.0,29.0,15.0,88.0,65.0,20.0,88.0,30.0,75.0,68.0,25.0,85.0,56.0,63.0,42.0,,129.0,,13.0,,63.0,18.0,45.0,206.0,113.0,65.0,41.0,139.0,,44.0,15.0,95.0,244.0,25.0,55.0,,79.0,42.0,38.0,
2024-06-23,,50.0,40.0,78.0,372.0,33.0,35.0,11.0,18.0,334.0,75.0,22.0,28.0,12.0,72.0,71.0,24.0,60.0,34.0,71.0,60.0,16.0,91.0,65.0,74.0,46.0,,94.0,,21.0,21.0,87.0,30.0,32.0,231.0,124.0,71.0,30.0,114.0,11.0,54.0,,76.0,280.0,25.0,53.0,,83.0,39.0,28.0,
2024-06-30,,63.0,52.0,82.0,413.0,46.0,38.0,,,318.0,101.0,37.0,35.0,16.0,99.0,71.0,23.0,69.0,29.0,66.0,61.0,22.0,101.0,41.0,64.0,44.0,,132.0,10.0,16.0,15.0,69.0,28.0,41.0,238.0,97.0,42.0,38.0,130.0,10.0,65.0,19.0,88.0,245.0,31.0,63.0,,73.0,50.0,30.0,
2024-07-07,,49.0,41.0,69.0,356.0,39.0,42.0,,,352.0,81.0,24.0,23.0,16.0,99.0,74.0,23.0,76.0,26.0,67.0,69.0,20.0,103.0,52.0,76.0,51.0,10.0,108.0,,18.0,,73.0,32.0,36.0,248.0,117.0,56.0,46.0,123.0,,56.0,11.0,109.0,268.0,25.0,60.0,,79.0,64.0,32.0,
2024-07-14,,43.0,51.0,79.0,405.0,45.0,40.0,,13.0,341.0,97.0,17.0,24.0,11.0,92.0,79.0,29.0,74.0,27.0,78.0,72.0,25.0,102.0,46.0,53.0,47.0,,112.0,,18.0,18.0,88.0,16.0,40.0,242.0,125.0,64.0,49.0,147.0,,53.0,,97.0,252.0,24.0,71.0,,77.0,40.0,35.0,
2024-07-21,,54.0,39.0,68.0,395.0,53.0,49.0,,11.0,357.0,91.0,26.0,33.0,15.0,101.0,72.0,26.0,77.0,37.0,70.0,70.0,14.0,99.0,51.0,74.0,52.0,14.0,130.0,14.0,26.0,,102.0,24.0,39.0,229.0,154.0,57.0,36.0,175.0,,45.0,14.0,110.0,285.0,18.0,61.0,,89.0,59.0,35.0,
2024-07-28,,59.0,36.0,67.0,420.0,53.0,38.0,,13.0,381.0,98.0,33.0,36.0,11.0,99.0,81.0,25.0,58.0,48.0,76.0,82.0,18.0,108.0,53.0,83.0,48.0,12.0,99.0,11.0,31.0,12.0,77.0,38.0,31.0,254.0,155.0,72.0,34.0,145.0,16.0,55.0,11.0,103.0,311.0,23.0,78.0,,95.0,45.0,38.0,
2024-08-04,10.0,59.0,45.0,70.0,389.0,44.0,56.0,,13.0,366.0,103.0,16.0,47.0,19.0,108.0,78.0,32.0,63.0,44.0,90.0,77.0,13.0,104.0,58.0,79.0,58.0,10.0,117.0,,15.0,18.0,80.0,23.0,28.0,256.0,135.0,88.0,45.0,124.0,18.0,60.0,10.0,130.0,331.0,18.0,79.0,16.0,70.0,62.0,39.0,
2024-08-11,,60.0,46.0,60.0,417.0,38.0,53.0,,14.0,374.0,115.0,29.0,36.0,19.0,137.0,103.0,31.0,78.0,53.0,67.0,68.0,20.0,94.0,68.0,68.0,59.0,,148.0,,26.0,17.0,70.0,22.0,34.0,234.0,125.0,80.0,52.0,150.0,10.0,69.0,12.0,103.0,288.0,19.0,78.0,,79.0,45.0,40.0,
2024-08-18,,79.0,44.0,60.0,447.0,49.0,51.0,10.0,13.0,342.0,117.0,23.0,39.0,20.0,144.0,96.0,32.0,93.0,55.0,87.0,84.0,21.0,102.0,76.0,74.0,58.0,,129.0,10.0,18.0,16.0,74.0,23.0,33.0,230.0,130.0,64.0,40.0,151.0,18.0,58.0,16.0,113.0,302.0,22.0,83.0,,81.0,50.0,54.0,13.0
2024-08-25,,100.0,43.0,57.0,407.0,52.0,54.0,11.0,13.0,352.0,115.0,19.0,44.0,15.0,112.0,87.0,32.0,102.0,39.0,84.0,86.0,21.0,117.0,61.0,97.0,53.0,11.0,161.0,13.0,29.0,17.0,92.0,35.0,48.0,262.0,132.0,63.0,31.0,168.0,16.0,68.0,18.0,130.0,284.0,27.0,100.0,11.0,81.0,60.0,38.0,
2024-09-01,,72.0,52.0,69.0,397.0,60.0,61.0,12.0,11.0,327.0,123.0,21.0,40.0,19.0,145.0,89.0,25.0,87.0,50.0,83.0,77.0,22.0,103.0,55.0,78.0,56.0,14.0,166.0,14.0,20.0,31.0,72.0,40.0,35.0,250.0,149.0,60.0,36.0,160.0,,82.0,12.0,136.0,299.0,18.0,94.0,,71.0,63.0,50.0,
2024-09-08,,65.0,54.0,63.0,416.0,58.0,46.0,13.0,13.0,295.0,96.0,15.0,47.0,12.0,116.0,91.0,36.0,96.0,54.0,79.0,67.0,19.0,111.0,75.0,98.0,63.0,11.0,187.0,11.0,24.0,22.0,75.0,24.0,40.0,243.0,150.0,70.0,52.0,173.0,,71.0,14.0,120.0,286.0,15.0,94.0,,74.0,61.0,42.0,
2024-09-15,,65.0,51.0,80.0,388.0,50.0,42.0,,12.0,310.0,95.0,16.0,47.0,27.0,149.0,109.0,40.0,76.0,37.0,63.0,74.0,26.0,109.0,64.0,95.0,53.0,10.0,164.0,17.0,30.0,20.0,81.0,34.0,39.0,262.0,131.0,58.0,56.0,170.0,16.0,61.0,12.0,133.0,291.0,19.0,87.0,,66.0,50.0,58.0,
2024-09-22,,66.0,61.0,80.0,380.0,52.0,47.0,,22.0,309.0,103.0,18.0,55.0,15.0,109.0,98.0,30.0,94.0,39.0,83.0,83.0,21.0,116.0,66.0,84.0,44.0,13.0,132.0,,32.0,20.0,81.0,15.0,32.0,242.0,165.0,73.0,48.0,171.0,10.0,78.0,13.0,115.0,287.0,18.0,74.0,11.0,70.0,62.0,44.0,
2024-09-29,,67.0,46.0,70.0,376.0,61.0,47.0,,17.0,298.0,81.0,15.0,36.0,16.0,127.0,78.0,19.0,70.0,41.0,86.0,84.0,21.0,111.0,69.0,84.0,39.0,11.0,124.0,11.0,36.0,25.0,73.0,26.0,45.0,234.0,138.0,75.0,41.0,178.0,12.0,67.0,20.0,113.0,295.0,27.0,84.0,14.0,67.0,61.0,44.0,12.0
2024-10-06,,50.0,40.0,65.0,372.0,52.0,49.0,,19.0,256.0,91.0,21.0,39.0,16.0,145.0,101.0,33.0,74.0,37.0,66.0,70.0,28.0,131.0,60.0,86.0,44.0,16.0,109.0,15.0,31.0,22.0,89.0,30.0,38.0,240.0,126.0,63.0,47.0,163.0,13.0,66.0,15.0,116.0,272.0,20.0,75.0,,91.0,51.0,43.0,
2024-10-13,,70.0,51.0,93.0,359.0,51.0,57.0,16.0,17.0,302.0,105.0,,43.0,29.0,105.0,77.0,24.0,76.0,41.0,88.0,66.0,28.0,131.0,55.0,83.0,48.0,15.0,118.0,,21.0,11.0,81.0,24.0,25.0,253.0,138.0,53.0,39.0,182.0,13.0,51.0,15.0,115.0,270.0,18.0,67.0,12.0,78.0,67.0,45.0,
2024-10-20,,46.0,35.0,70.0,401.0,54.0,54.0,12.0,24.0,261.0,92.0,22.0,32.0,11.0,117.0,105.0,24.0,95.0,45.0,86.0,73.0,23.0,113.0,61.0,77.0,41.0,,115.0,11.0,19.0,10.0,113.0,20.0,47.0,260.0,133.0,62.0,39.0,185.0,,49.0,11.0,108.0,249.0,27.0,79.0,,71.0,57.0,38.0,
2024-10-27,,57.0,42.0,83.0,351.0,40.0,52.0,,20.0,261.0,111.0,14.0,21.0,17.0,120.0,77.0,33.0,82.0,43.0,89.0,83.0,24.0,92.0,64.0,75.0,31.0,15.0,143.0,11.0,20.0,14.0,81.0,28.0,36.0,277.0,131.0,39.0,52.0,186.0,10.0,62.0,14.0,108.0,216.0,18.0,92.0,,72.0,67.0,40.0,11.0
2024-11-03,,47.0,48.0,74.0,346.0,42.0,63.0,,13.0,293.0,89.0,14.0,38.0,11.0,111.0,80.0,31.0,61.0,48.0,70.0,74.0,20.0,121.0,63.0,81.0,58.0,11.0,124.0,11.0,27.0,17.0,93.0,23.0,24.0,231.0,105.0,62.0,47.0,166.0,,44.0,16.0,93.0,229.0,20.0,72.0,,80.0,42.0,38.0,
2024-11-10,,45.0,41.0,80.0,387.0,48.0,41.0,,14.0,287.0,89.0,12.0,36.0,,122.0,88.0,29.0,71.0,35.0,82.0,73.0,16.0,123.0,60.0,91.0,52.0,12.0,123.0,,17.0,18.0,79.0,31.0,39.0,241.0,120.0,60.0,35.0,156.0,12.0,51.0,,99.0,219.0,13.0,62.0,,82.0,47.0,30.0,
2024-11-17,,59.0,45.0,92.0,437.0,50.0,36.0,,,280.0,78.0,14.0,41.0,12.0,118.0,82.0,29.0,75.0,30.0,91.0,73.0,20.0,93.0,45.0,65.0,44.0,16.0,116.0,11.0,22.0,17.0,76.0,26.0,28.0,231.0,130.0,75.0,35.0,151.0,10.0,48.0,16.0,99.0,258.0,26.0,67.0,,73.0,38.0,38.0,
2024-11-24,,55.0,41.0,84.0,391.0,43.0,43.0,,15.0,291.0,88.0,17.0,32.0,11.0,117.0,90.0,16.0,84.0,43.0,71.0,69.0,21.0,114.0,68.0,70.0,51.0,12.0,118.0,11.0,20.0,16.0,78.0,30.0,35.0,222.0,154.0,68.0,44.0,148.0,,53.0,21.0,121.0,245.0,25.0,74.0,,80.0,50.0,39.0,
2024-12-01,,75.0,53.0,104.0,444.0,49.0,52.0,,23.0,296.0,99.0,10.0,36.0,14.0,132.0,105.0,29.0,101.0,48.0,95.0,66.0,31.0,94.0,69.0,86.0,58.0,15.0,144.0,12.0,31.0,15.0,88.0,34.0,42.0,214.0,131.0,72.0,41.0,157.0,12.0,74.0,16.0,115.0,268.0,28.0,84.0,10.0,51.0,47.0,39.0,
2024-12-08,,65.0,55.0,100.0,492.0,60.0,52.0,,,336.0,110.0,18.0,41.0,24.0,143.0,92.0,32.0,100.0,35.0,89.0,75.0,22.0,141.0,77.0,85.0,58.0,,142.0,,35.0,11.0,91.0,39.0,48.0,247.0,178.0,60.0,64.0,192.0,14.0,56.0,10.0,121.0,291.0,32.0,99.0,,83.0,41.0,44.0,
2024-12-15,,68.0,55.0,126.0,495.0,65.0,52.0,,16.0,339.0,117.0,21.0,51.0,20.0,135.0,123.0,51.0,77.0,48.0,104.0,87.0,23.0,130.0,83.0,104.0,64.0,,147.0,13.0,35.0,14.0,98.0,32.0,53.0,286.0,165.0,62.0,46.0,209.0,13.0,77.0,17.0,127.0,310.0,31.0,95.0,,86.0,70.0,34.0,12.0
2024-12-22,,58.0,53.0,140.0,533.0,68.0,39.0,14.0,19.0,338.0,143.0,18.0,48.0,18.0,153.0,122.0,40.0,99.0,47.0,105.0,77.0,24.0,125.0,69.0,109.0,60.0,12.0,156.0,16.0,28.0,21.0,119.0,32.0,59.0,301.0,161.0,67.0,50.0,205.0,16.0,56.0,14.0,137.0,310.0,34.0,89.0,,85.0,73.0,40.0,
2024-12-29,,95.0,80.0,137.0,665.0,65.0,73.0,11.0,19.0,366.0,164.0,25.0,55.0,25.0,202.0,165.0,63.0,124.0,57.0,122.0,105.0,27.0,173.0,94.0,121.0,65.0,16.0,177.0,15.0,35.0,19.0,128.0,46.0,72.0,369.0,219.0,88.0,59.0,263.0,14.0,95.0,20.0,202.0,342.0,45.0,119.0,,110.0,97.0,39.0,
2025-01-05,,104.0,79.0,172.0,686.0,79.0,78.0,11.0,21.0,423.0,166.0,28.0,62.0,22.0,220.0,178.0,58.0,135.0,47.0,124.0,129.0,41.0,208.0,132.0,148.0,99.0,22.0,195.0,23.0,41.0,24.0,163.0,39.0,57.0,403.0,237.0,100.0,57.0,297.0,14.0,86.0,23.0,200.0,402.0,39.0,112.0,,100.0,93.0,60.0,
2025-01-12,,114.0,65.0,169.0,687.0,85.0,94.0,13.0,31.0,445.0,160.0,21.0,47.0,19.0,212.0,160.0,46.0,152.0,54.0,151.0,127.0,32.0,216.0,117.0,134.0,87.0,13.0,206.0,21.0,35.0,19.0,166.0,53.0,55.0,384.0,266.0,114.0,64.0,307.0,17.0,110.0,17.0,218.0,497.0,37.0,117.0,,93.0,106.0,51.0,13.0
2025-01-19,,121.0,80.0,152.0,766.0,94.0,93.0,10.0,31.0,472.0,183.0,21.0,75.0,13.0,187.0,138.0,69.0,158.0,70.0,141.0,104.0,34.0,188.0,132.0,151.0,67.0,14.0,237.0,15.0,32.0,24.0,160.0,47.0,66.0,415.0,217.0,130.0,58.0,298.0,23.0,99.0,26.0,189.0,406.0,41.0,139.0,21.0,124.0,85.0,49.0,12.0
2025-01-26,,112.0,72.0,151.0,735.0,79.0,85.0,,26.0,479.0,196.0,24.0,66.0,20.0,214.0,162.0,54.0,135.0,63.0,158.0,120.0,32.0,205.0,126.0,138.0,73.0,15.0,254.0,17.0,40.0,37.0,170.0,48.0,43.0,422.0,242.0,147.0,64.0,345.0,24.0,120.0,30.0,161.0,506.0,44.0,132.0,16.0,102.0,113.0,73.0,
2025-02-02,10.0,103.0,89.0,156.0,781.0,79.0,87.0,15.0,28.0,481.0,173.0,22.0,69.0,16.0,224.0,158.0,59.0,135.0,53.0,153.0,139.0,37.0,229.0,120.0,138.0,97.0,27.0,277.0,16.0,47.0,30.0,183.0,38.0,56.0,479.0,243.0,157.0,71.0,356.0,,140.0,18.0,181.0,528.0,43.0,134.0,24.0,128.0,120.0,55.0,11.0
2025-02-09,,85.0,95.0,132.0,673.0,82.0,79.0,13.0,28.0,431.0,162.0,22.0,71.0,19.0,229.0,192.0,73.0,156.0,49.0,170.0,140.0,40.0,231.0,111.0,150.0,69.0,22.0,255.0,20.0,42.0,34.0,162.0,32.0,52.0,413.0,285.0,126.0,50.0,387.0,22.0,128.0,34.0,185.0,468.0,35.0,145.0,19.0,130.0,122.0,64.0,
2025-02-16,,98.0,66.0,115.0,674.0,82.0,85.0,14.0,21.0,423.0,125.0,27.0,69.0,29.0,237.0,193.0,57.0,141.0,52.0,150.0,149.0,34.0,250.0,103.0,192.0,74.0,23.0,232.0,19.0,58.0,39.0,159.0,38.0,54.0,432.0,326.0,130.0,70.0,394.0,19.0,131.0,31.0,179.0,448.0,21.0,152.0,20.0,134.0,127.0,74.0,
2025-02-23,,81.0,69.0,96.0,545.0,56.0,70.0,18.0,37.0,418.0,156.0,20.0,64.0,20.0,195.0,221.0,70.0,178.0,48.0,170.0,158.0,40.0,246.0,89.0,161.0,66.0,26.0,224.0,21.0,44.0,28.0,160.0,33.0,55.0,368.0,311.0,115.0,63.0,376.0,19.0,103.0,23.0,169.0,435.0,38.0,152.0,13.0,134.0,120.0,72.0,13.0
2025-03-02,,90.0,86.0,107.0,523.0,69.0,75.0,15.0,18.0,361.0,130.0,18.0,77.0,20.0,217.0,185.0,66.0,158.0,46.0,137.0,113.0,43.0,228.0,80.0,135.0,63.0,18.0,213.0,13.0,35.0,20.0,141.0,39.0,45.0,362.0,267.0,103.0,54.0,341.0,20.0,81.0,19.0,153.0,361.0,36.0,121.0,13.0,113.0,102.0,81.0,
2025-03-09,,86.0,68.0,97.0,454.0,61.0,66.0,,21.0,371.0,130.0,21.0,52.0,15.0,178.0,157.0,46.0,126.0,57.0,107.0,106.0,29.0,190.0,93.0,106.0,56.0,21.0,219.0,12.0,32.0,19.0,126.0,25.0,51.0,327.0,226.0,96.0,58.0,240.0,14.0,93.0,21.0,149.0,354.0,26.0,134.0,14.0,97.0,102.0,76.0,13.0
2025-03-16,,70.0,57.0,85.0,494.0,56.0,52.0,,20.0,351.0,131.0,17.0,44.0,22.0,131.0,121.0,39.0,120.0,52.0,76.0,97.0,33.0,155.0,76.0,117.0,71.0,16.0,183.0,19.0,31.0,20.0,113.0,28.0,47.0,301.0,195.0,78.0,46.0,205.0,10.0,86.0,17.0,152.0,319.0,35.0,121.0,11.0,88.0,86.0,57.0,
2025-03-23,,91.0,54.0,101.0,450.0,52.0,50.0,16.0,17.0,329.0,125.0,10.0,49.0,21.0,147.0,108.0,48.0,112.0,47.0,88.0,88.0,27.0,165.0,60.0,90.0,64.0,12.0,175.0,16.0,39.0,23.0,107.0,26.0,46.0,247.0,186.0,69.0,57.0,218.0,,79.0,17.0,150.0,344.0,23.0,114.0,10.0,85.0,82.0,64.0,
2025-03-30,,52.0,42.0,95.0,434.0,70.0,48.0,,20.0,317.0,126.0,18.0,37.0,11.0,123.0,118.0,32.0,104.0,44.0,88.0,87.0,23.0,123.0,59.0,78.0,40.0,,142.0,14.0,33.0,12.0,82.0,27.0,45.0,282.0,155.0,72.0,35.0,195.0,,67.0,11.0,126.0,284.0,20.0,90.0,,75.0,68.0,47.0,
2025-04-06,,52.0,49.0,87.0,404.0,49.0,44.0,13.0,13.0,307.0,106.0,19.0,44.0,27.0,102.0,102.0,21.0,118.0,46.0,72.0,72.0,26.0,133.0,56.0,60.0,44.0,13.0,147.0,10.0,23.0,18.0,94.0,26.0,48.0,284.0,161.0,66.0,52.0,168.0,13.0,81.0,13.0,136.0,270.0,23.0,85.0,,90.0,59.0,46.0,10.0
2025-04-13,,46.0,52.0,77.0,420.0,51.0,44.0,,12.0,312.0,98.0,20.0,35.0,22.0,121.0,103.0,25.0,81.0,37.0,81.0,72.0,24.0,112.0,62.0,83.0,48.0,13.0,161.0,20.0,23.0,14.0,94.0,36.0,45.0,267.0,153.0,56.0,46.0,185.0,11.0,61.0,12.0,96.0,291.0,23.0,83.0,,77.0,68.0,45.0,
2025-04-20,,68.0,42.0,80.0,392.0,57.0,42.0,,15.0,285.0,103.0,20.0,38.0,18.0,112.0,83.0,29.0,94.0,51.0,59.0,89.0,21.0,122.0,57.0,72.0,50.0,12.0,134.0,,24.0,17.0,91.0,30.0,41.0,271.0,130.0,68.0,34.0,184.0,11.0,45.0,17.0,113.0,270.0,26.0,74.0,,75.0,61.0,39.0,
2025-04-27,,53.0,40.0,80.0,410.0,46.0,45.0,,14.0,314.0,77.0,14.0,34.0,14.0,110.0,96.0,34.0,60.0,40.0,64.0,68.0,16.0,108.0,70.0,77.0,46.0,16.0,113.0,13.0,20.0,12.0,90.0,22.0,42.0,228.0,128.0,58.0,46.0,158.0,,53.0,12.0,107.0,273.0,20.0,63.0,,81.0,56.0,41.0,
2025-05-04,,64.0,49.0,74.0,389.0,41.0,52.0,,16.0,290.0,80.0,,41.0,14.0,115.0,90.0,26.0,82.0,36.0,78.0,56.0,19.0,117.0,62.0,54.0,51.0,,127.0,,16.0,,75.0,35.0,33.0,245.0,126.0,73.0,33.0,163.0,,47.0,14.0,97.0,279.0,30.0,67.0,,77.0,51.0,36.0,
2025-05-11,,46.0,32.0,66.0,342.0,40.0,52.0,11.0,,303.0,88.0,17.0,24.0,16.0,109.0,89.0,27.0,54.0,37.0,82.0,70.0,14.0,111.0,54.0,65.0,54.0,,124.0,,22.0,11.0,83.0,21.0,35.0,240.0,118.0,57.0,34.0,160.0,,37.0,,100.0,245.0,20.0,51.0,,73.0,50.0,37.0,
2025-05-18,,51.0,42.0,57.0,354.0,45.0,31.0,,,282.0,113.0,12.0,34.0,13.0,106.0,77.0,28.0,63.0,43.0,68.0,66.0,16.0,89.0,55.0,66.0,58.0,11.0,114.0,11.0,16.0,12.0,66.0,20.0,25.0,212.0,101.0,55.0,35.0,150.0,,51.0,16.0,91.0,221.0,22.0,55.0,,73.0,56.0,34.0,
2025-05-25,,46.0,30.0,70.0,357.0,36.0,51.0,,11.0,260.0,82.0,26.0,24.0,18.0,118.0,75.0,23.0,70.0,37.0,60.0,69.0,16.0,108.0,49.0,63.0,45.0,13.0,107.0,,21.0,15.0,106.0,20.0,32.0,234.0,100.0,50.0,38.0,156.0,,52.0,10.0,92.0,235.0,17.0,68.0,,88.0,43.0,36.0,
2025-06-01,,58.0,33.0,55.0,396.0,37.0,32.0,,12.0,276.0,73.0,20.0,29.0,12.0,117.0,69.0,27.0,90.0,27.0,62.0,54.0,10.0,96.0,63.0,57.0,57.0,21.0,96.0,,25.0,12.0,90.0,22.0,33.0,237.0,132.0,38.0,41.0,155.0,,53.0,10.0,105.0,254.0,24.0,69.0,,82.0,45.0,35.0,
2025-06-08,,56.0,33.0,68.0,327.0,34.0,31.0,12.0,,259.0,85.0,21.0,25.0,15.0,108.0,68.0,28.0,59.0,35.0,54.0,52.0,12.0,101.0,54.0,52.0,49.0,16.0,131.0,,21.0,12.0,74.0,24.0,45.0,224.0,122.0,58.0,35.0,133.0,15.0,49.0,10.0,101.0,223.0,28.0,65.0,,66.0,37.0,36.0,
2025-06-15,,48.0,40.0,64.0,383.0,47.0,33.0,,12.0,288.0,87.0,12.0,39.0,18.0,79.0,61.0,24.0,65.0,44.0,59.0,62.0,17.0,100.0,45.0,71.0,33.0,10.0,128.0,,15.0,,64.0,21.0,34.0,208.0,125.0,50.0,34.0,134.0,11.0,48.0,,92.0,255.0,11.0,70.0,,57.0,41.0,45.0,
2025-06-22,,51.0,33.0,62.0,358.0,37.0,42.0,,16.0,290.0,86.0,12.0,26.0,11.0,87.0,86.0,20.0,59.0,28.0,61.0,68.0,,90.0,50.0,66.0,38.0,,106.0,10.0,22.0,17.0,77.0,12.0,28.0,217.0,117.0,45.0,30.0,130.0,,55.0,13.0,79.0,231.0,17.0,63.0,,53.0,34.0,25.0,
2025-06-29,,56.0,35.0,54.0,322.0,32.0,40.0,,14.0,272.0,84.0,15.0,28.0,14.0,92.0,61.0,21.0,65.0,29.0,54.0,78.0,14.0,102.0,59.0,60.0,29.0,,107.0,,18.0,13.0,69.0,13.0,37.0,191.0,115.0,47.0,31.0,156.0,,39.0,,99.0,227.0,23.0,61.0,,82.0,48.0,32.0,
2025-07-06,,47.0,46.0,51.0,333.0,39.0,44.0,,18.0,287.0,74.0,15.0,27.0,,95.0,79.0,16.0,59.0,34.0,64.0,54.0,10.0,91.0,47.0,65.0,37.0,12.0,112.0,,22.0,17.0,58.0,12.0,32.0,213.0,130.0,66.0,31.0,135.0,,52.0,,77.0,241.0,13.0,54.0,,60.0,34.0,36.0,
2025-07-13,,47.0,26.0,59.0,331.0,41.0,40.0,,,263.0,80.0,13.0,18.0,13.0,88.0,75.0,18.0,61.0,23.0,65.0,71.0,14.0,94.0,42.0,72.0,52.0,,120.0,,27.0,10.0,58.0,25.0,27.0,231.0,127.0,42.0,39.0,142.0,,41.0,12.0,98.0,233.0,18.0,64.0,12.0,65.0,41.0,32.0,
2025-07-20,,49.0,39.0,57.0,317.0,46.0,32.0,,11.0,285.0,80.0,16.0,20.0,,84.0,81.0,28.0,65.0,32.0,69.0,59.0,18.0,92.0,42.0,67.0,40.0,,108.0,10.0,14.0,20.0,58.0,11.0,34.0,220.0,103.0,54.0,27.0,164.0,,46.0,12.0,87.0,222.0,22.0,61.0,,58.0,31.0,37.0,
2025-07-27,,40.0,30.0,62.0,321.0,36.0,51.0,,15.0,281.0,76.0,17.0,28.0,10.0,87.0,69.0,28.0,40.0,36.0,53.0,58.0,10.0,92.0,42.0,55.0,40.0,,87.0,,,16.0,79.0,19.0,41.0,195.0,109.0,52.0,32.0,124.0,10.0,45.0,,70.0,239.0,12.0,63.0,,53.0,33.0,26.0,0.0
2025-08-03,,73.0,38.0,55.0,363.0,36.0,34.0,14.0,,304.0,84.0,14.0,32.0,,109.0,65.0,22.0,73.0,33.0,56.0,54.0,20.0,80.0,44.0,42.0,35.0,13.0,113.0,12.0,18.0,15.0,68.0,17.0,37.0,206.0,99.0,46.0,27.0,141.0,,38.0,11.0,93.0,224.0,,59.0,,55.0,31.0,27.0,
2025-08-10,,49.0,42.0,44.0,330.0,35.0,41.0,12.0,12.0,267.0,69.0,18.0,30.0,15.0,83.0,54.0,27.0,50.0,37.0,60.0,72.0,16.0,83.0,42.0,56.0,46.0,,116.0,,18.0,13.0,93.0,27.0,29.0,178.0,103.0,44.0,32.0,129.0,,35.0,,78.0,219.0,18.0,79.0,,48.0,32.0,18.0,
2025-08-17,,40.0,42.0,77.0,335.0,33.0,48.0,,18.0,309.0,91.0,16.0,17.0,11.0,72.0,73.0,20.0,73.0,34.0,70.0,55.0,15.0,85.0,38.0,68.0,32.0,,120.0,,13.0,14.0,69.0,23.0,43.0,195.0,95.0,59.0,32.0,135.0,11.0,58.0,15.0,95.0,211.0,11.0,57.0,,48.0,35.0,32.0,
2025-08-24,,42.0,32.0,56.0,347.0,45.0,41.0,11.0,,274.0,85.0,17.0,23.0,,95.0,72.0,20.0,68.0,36.0,60.0,61.0,19.0,81.0,46.0,60.0,44.0,,96.0,,15.0,16.0,85.0,20.0,26.0,197.0,91.0,35.0,32.0,138.0,,48.0,14.0,89.0,272.0,18.0,79.0,,64.0,45.0,20.0,
2025-08-31,,46.0,32.0,59.0,345.0,42.0,39.0,10.0,16.0,319.0,85.0,18.0,36.0,,110.0,65.0,35.0,65.0,42.0,78.0,71.0,,95.0,39.0,53.0,41.0,11.0,113.0,,15.0,13.0,65.0,16.0,28.0,211.0,116.0,54.0,23.0,130.0,10.0,73.0,,91.0,239.0,20.0,79.0,,59.0,33.0,30.0,
2025-09-07,,55.0,37.0,67.0,346.0,39.0,42.0,14.0,10.0,297.0,102.0,19.0,32.0,10.0,110.0,75.0,28.0,67.0,25.0,80.0,82.0,17.0,101.0,37.0,73.0,40.0,,102.0,,20.0,15.0,81.0,16.0,42.0,200.0,106.0,58.0,35.0,168.0,,64.0,12.0,89.0,230.0,10.0,74.0,,65.0,58.0,33.0,
2025-09-14,,54.0,38.0,67.0,365.0,30.0,47.0,,10.0,290.0,98.0,14.0,34.0,13.0,102.0,64.0,21.0,57.0,50.0,77.0,78.0,14.0,81.0,42.0,65.0,40.0,,98.0,17.0,20.0,,97.0,29.0,41.0,180.0,135.0,56.0,36.0,161.0,,56.0,16.0,93.0,260.0,14.0,65.0,,78.0,49.0,28.0,
2025-09-21,,45.0,33.0,53.0,351.0,51.0,30.0,,11.0,323.0,77.0,15.0,22.0,14.0,115.0,56.0,23.0,57.0,35.0,69.0,86.0,16.0,98.0,58.0,66.0,46.0,,114.0,11.0,26.0,16.0,62.0,15.0,33.0,246.0,119.0,58.0,39.0,143.0,,58.0,11.0,110.0,240.0,29.0,67.0,,55.0,53.0,48.0,
2025-09-28,,32.0,32.0,71.0,334.0,51.0,45.0,,16.0,275.0,96.0,17.0,23.0,16.0,84.0,78.0,24.0,85.0,32.0,74.0,60.0,17.0,101.0,63.0,60.0,38.0,11.0,102.0,12.0,22.0,17.0,54.0,19.0,38.0,203.0,104.0,35.0,37.0,125.0,,59.0,18.0,96.0,228.0,21.0,68.0,,68.0,47.0,22.0,
2025-10-05,,50.0,32.0,71.0,363.0,37.0,34.0,11.0,11.0,277.0,71.0,11.0,34.0,20.0,105.0,75.0,25.0,81.0,31.0,83.0,59.0,16.0,99.0,43.0,75.0,52.0,12.0,116.0,12.0,20.0,15.0,77.0,23.0,37.0,206.0,120.0,42.0,37.0,147.0,,47.0,11.0,75.0,225.0,20.0,64.0,,69.0,54.0,29.0,
2025-10-12,,45.0,35.0,69.0,328.0,44.0,38.0,,12.0,255.0,73.0,17.0,33.0,16.0,113.0,79.0,27.0,71.0,33.0,59.0,58.0,17.0,94.0,51.0,63.0,42.0,10.0,136.0,,23.0,13.0,60.0,18.0,38.0,227.0,104.0,62.0,31.0,162.0,,68.0,15.0,93.0,253.0,12.0,68.0,,80.0,53.0,33.0,
2025-10-19,,37.0,30.0,64.0,328.0,50.0,49.0,,12.0,245.0,79.0,15.0,31.0,18.0,98.0,66.0,25.0,62.0,32.0,59.0,76.0,17.0,109.0,45.0,65.0,37.0,12.0,120.0,11.0,14.0,16.0,78.0,19.0,39.0,216.0,104.0,65.0,31.0,158.0,,46.0,13.0,106.0,224.0,14.0,64.0,,68.0,54.0,33.0,
2025-10-26,,44.0,28.0,59.0,359.0,36.0,39.0,10.0,,255.0,81.0,17.0,29.0,10.0,90.0,98.0,30.0,75.0,26.0,68.0,57.0,12.0,94.0,63.0,64.0,39.0,11.0,127.0,,22.0,19.0,84.0,26.0,50.0,212.0,140.0,44.0,27.0,144.0,,49.0,10.0,80.0,238.0,20.0,58.0,10.0,67.0,43.0,47.0,
2025-11-02,,42.0,39.0,70.0,349.0,40.0,45.0,,12.0,244.0,78.0,18.0,32.0,21.0,89.0,65.0,27.0,73.0,34.0,71.0,62.0,22.0,92.0,53.0,63.0,56.0,13.0,107.0,,18.0,14.0,76.0,27.0,36.0,230.0,157.0,58.0,36.0,152.0,,62.0,,88.0,241.0,23.0,65.0,,68.0,43.0,25.0,
2025-11-09,,50.0,35.0,62.0,356.0,31.0,52.0,10.0,14.0,243.0,98.0,15.0,30.0,10.0,106.0,79.0,24.0,66.0,43.0,74.0,58.0,13.0,104.0,55.0,65.0,47.0,18.0,111.0,10.0,25.0,19.0,79.0,24.0,40.0,208.0,134.0,47.0,33.0,148.0,10.0,56.0,15.0,90.0,250.0,21.0,63.0,,68.0,45.0,37.0,
2025-11-16,,51.0,43.0,68.0,310.0,44.0,52.0,,,267.0,95.0,23.0,33.0,,86.0,56.0,27.0,77.0,29.0,69.0,69.0,15.0,107.0,54.0,70.0,49.0,,93.0,,24.0,13.0,72.0,24.0,40.0,215.0,132.0,53.0,38.0,150.0,,54.0,10.0,94.0,250.0,17.0,75.0,12.0,57.0,48.0,31.0,
2025-11-23,,45.0,32.0,65.0,345.0,32.0,23.0,14.0,15.0,307.0,92.0,14.0,32.0,10.0,97.0,59.0,29.0,61.0,44.0,80.0,62.0,15.0,95.0,52.0,61.0,41.0,12.0,105.0,,16.0,17.0,83.0,23.0,48.0,210.0,135.0,54.0,36.0,154.0,12.0,64.0,11.0,95.0,202.0,18.0,58.0,,62.0,58.0,32.0,
2025-11-30,,59.0,48.0,77.0,386.0,47.0,56.0,,11.0,303.0,85.0,14.0,37.0,23.0,108.0,79.0,31.0,79.0,33.0,69.0,76.0,15.0,89.0,50.0,78.0,49.0,12.0,133.0,12.0,23.0,17.0,72.0,24.0,44.0,243.0,137.0,60.0,36.0,162.0,10.0,63.0,16.0,113.0,242.0,14.0,65.0,,54.0,57.0,29.0,
2025-12-07,,63.0,36.0,67.0,399.0,53.0,61.0,,12.0,268.0,80.0,11.0,31.0,25.0,120.0,98.0,32.0,80.0,46.0,105.0,80.0,,128.0,44.0,65.0,51.0,12.0,119.0,,26.0,21.0,103.0,28.0,43.0,261.0,186.0,52.0,40.0,183.0,11.0,66.0,10.0,118.0,269.0,27.0,78.0,,75.0,50.0,39.0,
2025-12-14,,85.0,53.0,84.0,441.0,60.0,61.0,,11.0,265.0,85.0,15.0,42.0,14.0,131.0,78.0,32.0,107.0,38.0,76.0,71.0,32.0,120.0,73.0,82.0,55.0,,168.0,11.0,37.0,16.0,102.0,24.0,47.0,331.0,169.0,62.0,36.0,187.0,,67.0,14.0,110.0,290.0,15.0,78.0,,69.0,49.0,38.0,
2025-12-21,,55.0,43.0,69.0,392.0,71.0,60.0,10.0,16.0,285.0,126.0,18.0,42.0,,117.0,121.0,25.0,95.0,45.0,111.0,90.0,32.0,143.0,74.0,92.0,56.0,11.0,193.0,16.0,26.0,17.0,128.0,32.0,38.0,370.0,177.0,68.0,37.0,204.0,12.0,77.0,13.0,115.0,297.0,30.0,80.0,,71.0,59.0,43.0,
2025-12-28,12.0,85.0,48.0,82.0,447.0,91.0,103.0,,21.0,378.0,160.0,24.0,54.0,23.0,180.0,128.0,37.0,107.0,43.0,153.0,133.0,29.0,168.0,98.0,96.0,72.0,18.0,218.0,11.0,35.0,26.0,149.0,29.0,60.0,435.0,216.0,61.0,40.0,243.0,12.0,102.0,16.0,148.0,305.0,30.0,131.0,,80.0,72.0,48.0,
